Symbol	Symbol	Sector
20MICRONS	NSE:20MICRONS	Minerals & Mining
21STCENMGM	NSE:21STCENMGM	Capital Markets
360ONE	NSE:360ONE	Capital Markets
3IINFOLTD	NSE:3IINFOLTD	IT - Software
3MINDIA	NSE:3MINDIA	Diversified
3PLAND	NSE:3PLAND	Finance
5PAISA	NSE:5PAISA	Capital Markets
63MOONS	NSE:63MOONS	IT - Software
A2ZINFRA	NSE:A2ZINFRA	Construction
AAATECH	NSE:AAATECH	Commercial Services & Supplies
AADHARHFC	NSE:AADHARHFC	Finance
AAKAAR	NSE:AAKAAR	Personal Products
AAKASH	NSE:AAKASH	Oil
AARADHYA	NSE:AARADHYA	Paper, Forest & Jute Products
AAREYDRUGS	NSE:AAREYDRUGS	Pharmaceuticals & Biotechnology
AARNAV	NSE:AARNAV	Textiles & Apparels
AARON	NSE:AARON	Industrial Manufacturing
AARTECH	NSE:AARTECH	Electrical Equipment
AARTIDRUGS	NSE:AARTIDRUGS	Pharmaceuticals & Biotechnology
AARTIIND	NSE:AARTIIND	Chemicals & Petrochemicals
AARTIPHARM	NSE:AARTIPHARM	Pharmaceuticals & Biotechnology
AARTISURF	NSE:AARTISURF	Chemicals & Petrochemicals
AARVI	NSE:AARVI	Commercial Services & Supplies
AATMAJ	NSE:AATMAJ	Healthcare Services
AAVAS	NSE:AAVAS	Finance
ABAN	NSE:ABAN	Oil
ABB	NSE:ABB	Electrical Equipment
ABBOTINDIA	NSE:ABBOTINDIA	Pharmaceuticals & Biotechnology
ABCAPITAL	NSE:ABCAPITAL	Finance
ABCOTS	NSE:ABCOTS	Textiles & Apparels
ABDL	NSE:ABDL	Beverages
ABFRL	NSE:ABFRL	Retailing
ABHAPOWER	NSE:ABHAPOWER	Industrial Products
ABINFRA	NSE:ABINFRA	Construction
ABLBL	NSE:ABLBL	Retailing
ABMINTLLTD	NSE:ABMINTLLTD	Commercial Services & Supplies
ABREL	NSE:ABREL	Paper, Forest & Jute Products
ABSLAMC	NSE:ABSLAMC	Capital Markets
ABSMARINE	NSE:ABSMARINE	Transport Services
ACC	NSE:ACC	Cement & Cement Products
ACCELYA	NSE:ACCELYA	IT - Software
ACCENTMIC	NSE:ACCENTMIC	Pharmaceuticals & Biotechnology
ACCORD	NSE:ACCORD	Telecom - Services
ACCPL	NSE:ACCPL	Pharmaceuticals & Biotechnology
ACCURACY	NSE:ACCURACY	Transport Services
ACE	NSE:ACE	Agricultural, Commercial & Construction Vehicles
ACEINTEG	NSE:ACEINTEG	Commercial Services & Supplies
ACETEC	NSE:ACETEC	Retailing
ACI	NSE:ACI	Chemicals & Petrochemicals
ACL	NSE:ACL	Cement & Cement Products
ACMESOLAR	NSE:ACMESOLAR	Power
ACTIVEINFR	NSE:ACTIVEINFR	Realty
ACUTAAS	NSE:ACUTAAS	Pharmaceuticals & Biotechnology
ADANIENSOL	NSE:ADANIENSOL	Power
ADANIENT	NSE:ADANIENT	Metals & Minerals Trading
ADANIGREEN	NSE:ADANIGREEN	Power
ADANIPORTS	NSE:ADANIPORTS	Transport Infrastructure
ADANIPOWER	NSE:ADANIPOWER	Power
ADDICTIVE	NSE:ADDICTIVE	Other Consumer Services
ADFFOODS	NSE:ADFFOODS	Food Products
ADL	NSE:ADL	Consumer Durables
ADOR	NSE:ADOR	Industrial Products
ADROITINFO	NSE:ADROITINFO	IT - Services
ADSL	NSE:ADSL	IT - Services
ADVAIT	NSE:ADVAIT	Industrial Products
ADVANCE	NSE:ADVANCE	Fertilizers & Agrochemicals
ADVANIHOTR	NSE:ADVANIHOTR	Leisure Services
ADVENTHTL	NSE:ADVENTHTL	Leisure Services
ADVENZYMES	NSE:ADVENZYMES	Pharmaceuticals & Biotechnology
AEGISLOG	NSE:AEGISLOG	Gas
AEGISVOPAK	NSE:AEGISVOPAK	Oil
AEPL	NSE:AEPL	Electrical Equipment
AEQUS	NSE:AEQUS	Aerospace & Defense
AEROENTER	NSE:AEROENTER	Industrial Products
AEROFLEX	NSE:AEROFLEX	Industrial Products
AERON	NSE:AERON	Industrial Products
AERONEU	NSE:AERONEU	Industrial Products
AESTHETIK	NSE:AESTHETIK	Construction
AETHER	NSE:AETHER	Chemicals & Petrochemicals
AFCONS	NSE:AFCONS	Construction
AFFLE	NSE:AFFLE	IT - Services
AFFORDABLE	NSE:AFFORDABLE	Industrial Manufacturing
AFIL	NSE:AFIL	Finance
AFSL	NSE:AFSL	Finance
AGARIND	NSE:AGARIND	Chemicals & Petrochemicals
AGARWALEYE	NSE:AGARWALEYE	Healthcare Services
AGARWALFT	NSE:AGARWALFT	Industrial Products
AGARWALTUF	NSE:AGARWALTUF	Industrial Products
AGI	NSE:AGI	Industrial Products
AGIIL	NSE:AGIIL	Realty
AGNI	NSE:AGNI	Construction
AGRITECH	NSE:AGRITECH	Agricultural Food & other Products
AGROPHOS	NSE:AGROPHOS	Fertilizers & Agrochemicals
AGSTRA	NSE:AGSTRA	Financial Technology (Fintech)
AGUL	NSE:AGUL	Industrial Products
AHCL	NSE:AHCL	Pharmaceuticals & Biotechnology
AHIMSA	NSE:AHIMSA	Industrial Products
AHLADA	NSE:AHLADA	Consumer Durables
AHLEAST	NSE:AHLEAST	Leisure Services
AHLUCONT	NSE:AHLUCONT	Construction
AHLWEST	NSE:AHLWEST	Leisure Services
AIAENG	NSE:AIAENG	Industrial Products
AIIL	NSE:AIIL	Finance
AILIMITED	NSE:AILIMITED	Construction
AIMTRON	NSE:AIMTRON	Industrial Manufacturing
AIRAN	NSE:AIRAN	IT - Services
AIROLAM	NSE:AIROLAM	Consumer Durables
AISL	NSE:AISL	Commercial Services & Supplies
AJANTPHARM	NSE:AJANTPHARM	Pharmaceuticals & Biotechnology
AJAXENGG	NSE:AJAXENGG	Agricultural, Commercial & Construction Vehicles
AJMERA	NSE:AJMERA	Realty
AJOONI	NSE:AJOONI	Food Products
AKANKSHA	NSE:AKANKSHA	Electrical Equipment
AKASH	NSE:AKASH	Construction
AKG	NSE:AKG	Commercial Services & Supplies
AKI	NSE:AKI	Consumer Durables
AKIKO	NSE:AKIKO	Finance
AKSHAR	NSE:AKSHAR	Textiles & Apparels
AKSHARCHEM	NSE:AKSHARCHEM	Chemicals & Petrochemicals
AKSHOPTFBR	NSE:AKSHOPTFBR	Telecom - Equipment & Accessories
AKUMS	NSE:AKUMS	Pharmaceuticals & Biotechnology
AKZOINDIA	NSE:AKZOINDIA	Consumer Durables
ALANKIT	NSE:ALANKIT	Commercial Services & Supplies
ALBERTDAVD	NSE:ALBERTDAVD	Pharmaceuticals & Biotechnology
ALCODIS	NSE:ALCODIS	Beverages
ALEMBICLTD	NSE:ALEMBICLTD	Realty
ALGOQUANT	NSE:ALGOQUANT	Finance
ALICON	NSE:ALICON	Auto Components
ALIVUS	NSE:ALIVUS	Pharmaceuticals & Biotechnology
ALKALI	NSE:ALKALI	Chemicals & Petrochemicals
ALKEM	NSE:ALKEM	Pharmaceuticals & Biotechnology
ALKYLAMINE	NSE:ALKYLAMINE	Chemicals & Petrochemicals
ALLCARGO	NSE:ALLCARGO	Transport Services
ALLDIGI	NSE:ALLDIGI	Commercial Services & Supplies
ALLETEC	NSE:ALLETEC	IT - Software
ALLTIME	NSE:ALLTIME	Consumer Durables
ALMONDZ	NSE:ALMONDZ	Capital Markets
ALOKINDS	NSE:ALOKINDS	Textiles & Apparels
ALPA	NSE:ALPA	Pharmaceuticals & Biotechnology
ALPEXSOLAR	NSE:ALPEXSOLAR	Electrical Equipment
ALPHAGEO	NSE:ALPHAGEO	Oil
ALUWIND	NSE:ALUWIND	Industrial Products
AMAGI	NSE:AMAGI	IT - Services
AMANTA	NSE:AMANTA	Pharmaceuticals & Biotechnology
AMBANIORGO	NSE:AMBANIORGO	Chemicals & Petrochemicals
AMBER	NSE:AMBER	Consumer Durables
AMBEY	NSE:AMBEY	Fertilizers & Agrochemicals
AMBICAAGAR	NSE:AMBICAAGAR	Household Products
AMBIKCO	NSE:AMBIKCO	Textiles & Apparels
AMBUJACEM	NSE:AMBUJACEM	Cement & Cement Products
AMCL	NSE:AMCL	Industrial Products
AMDIND	NSE:AMDIND	Industrial Products
AMEYA	NSE:AMEYA	Industrial Products
AMIABLE	NSE:AMIABLE	Transport Services
AMIRCHAND	NSE:AMIRCHAND	Agricultural Food & other Products
AMJLAND	NSE:AMJLAND	Realty
AMNPLST	NSE:AMNPLST	Chemicals & Petrochemicals
AMRUTANJAN	NSE:AMRUTANJAN	Pharmaceuticals & Biotechnology
ANANDRATHI	NSE:ANANDRATHI	Capital Markets
ANANTAM	NSE:ANANTAM	Transport Infrastructure
ANANTRAJ	NSE:ANANTRAJ	Realty
ANDHRAPAP	NSE:ANDHRAPAP	Paper, Forest & Jute Products
ANDHRSUGAR	NSE:ANDHRSUGAR	Chemicals & Petrochemicals
ANDREWYU	NSE:ANDREWYU	Agricultural Food & other Products
ANGELONE	NSE:ANGELONE	Capital Markets
ANIKINDS	NSE:ANIKINDS	Commercial Services & Supplies
ANKITMETAL	NSE:ANKITMETAL	Ferrous Metals
ANLON	NSE:ANLON	Commercial Services & Supplies
ANMOL	NSE:ANMOL	Consumable Fuels
ANNAPURNA	NSE:ANNAPURNA	Food Products
ANONDITA	NSE:ANONDITA	Personal Products
ANSALAPI	NSE:ANSALAPI	Realty
ANTELOPUS	NSE:ANTELOPUS	Oil
ANTGRAPHIC	NSE:ANTGRAPHIC	Industrial Products
ANTHEM	NSE:ANTHEM	Pharmaceuticals & Biotechnology
ANUHPHR	NSE:ANUHPHR	Pharmaceuticals & Biotechnology
ANUP	NSE:ANUP	Industrial Manufacturing
ANURAS	NSE:ANURAS	Chemicals & Petrochemicals
ANYA	NSE:ANYA	Fertilizers & Agrochemicals
ANZEN	NSE:ANZEN	Power
APARINDS	NSE:APARINDS	Electrical Equipment
APCL	NSE:APCL	Cement & Cement Products
APCOTEXIND	NSE:APCOTEXIND	Industrial Products
APEX	NSE:APEX	Food Products
APEXECO	NSE:APEXECO	Other Utilities
APLAPOLLO	NSE:APLAPOLLO	Industrial Products
APLLTD	NSE:APLLTD	Pharmaceuticals & Biotechnology
APOLLO	NSE:APOLLO	Aerospace & Defense
APOLLOHOSP	NSE:APOLLOHOSP	Healthcare Services
APOLLOPIPE	NSE:APOLLOPIPE	Industrial Products
APOLLOTYRE	NSE:APOLLOTYRE	Auto Components
APOLSINHOT	NSE:APOLSINHOT	Leisure Services
APRAMEYA	NSE:APRAMEYA	Healthcare Equipment & Supplies
APS	NSE:APS	Electrical Equipment
APSISAERO	NSE:APSISAERO	Aerospace & Defense
APTECHT	NSE:APTECHT	Other Consumer Services
APTUS	NSE:APTUS	Finance
AQYLON	NSE:AQYLON	Entertainment
ARABIAN	NSE:ARABIAN	Petroleum Products
ARCHIDPLY	NSE:ARCHIDPLY	Consumer Durables
ARCHIES	NSE:ARCHIES	Consumer Durables
ARCIIL	NSE:ARCIIL	Industrial Products
ARE&M	NSE:ARE&M	Auto Components
ARENTERP	NSE:ARENTERP	Metals & Minerals Trading
ARFIN	NSE:ARFIN	Non - Ferrous Metals
ARHAM	NSE:ARHAM	Consumer Durables
ARIES	NSE:ARIES	Fertilizers & Agrochemicals
ARIHANTACA	NSE:ARIHANTACA	Other Consumer Services
ARIHANTCAP	NSE:ARIHANTCAP	Capital Markets
ARIHANTSUP	NSE:ARIHANTSUP	Realty
ARIS	NSE:ARIS	Other Construction Materials
ARISTO	NSE:ARISTO	Fertilizers & Agrochemicals
ARKADE	NSE:ARKADE	Realty
ARMANFIN	NSE:ARMANFIN	Finance
ARMOUR	NSE:ARMOUR	Commercial Services & Supplies
AROGRANITE	NSE:AROGRANITE	Consumer Durables
ARROWGREEN	NSE:ARROWGREEN	Industrial Products
ARSHIYA	NSE:ARSHIYA	Transport Services
ARSSBL	NSE:ARSSBL	Capital Markets
ARTEMISMED	NSE:ARTEMISMED	Healthcare Services
ARTNIRMAN	NSE:ARTNIRMAN	Realty
ARUNAYA	NSE:ARUNAYA	Chemicals & Petrochemicals
ARVEE	NSE:ARVEE	Chemicals & Petrochemicals
ARVIND	NSE:ARVIND	Textiles & Apparels
ARVINDFASN	NSE:ARVINDFASN	Retailing
ARVINDPORT	NSE:ARVINDPORT	Transport Services
ARVSMART	NSE:ARVSMART	Realty
ASAHIINDIA	NSE:ASAHIINDIA	Auto Components
ASAHISONG	NSE:ASAHISONG	Chemicals & Petrochemicals
ASAL	NSE:ASAL	Auto Components
ASALCBR	NSE:ASALCBR	Beverages
ASCOM	NSE:ASCOM	Finance
ASHALOG	NSE:ASHALOG	Transport Services
ASHAPURMIN	NSE:ASHAPURMIN	Minerals & Mining
ASHIANA	NSE:ASHIANA	Realty
ASHIMASYN	NSE:ASHIMASYN	Textiles & Apparels
ASHOKA	NSE:ASHOKA	Construction
ASHOKAMET	NSE:ASHOKAMET	Metals & Minerals Trading
ASHOKLEY	NSE:ASHOKLEY	Agricultural, Commercial & Construction Vehicles
ASHWINI	NSE:ASHWINI	Transport Services
ASIANENE	NSE:ASIANENE	Oil
ASIANHOTNR	NSE:ASIANHOTNR	Leisure Services
ASIANPAINT	NSE:ASIANPAINT	Consumer Durables
ASIANTILES	NSE:ASIANTILES	Consumer Durables
ASKAUTOLTD	NSE:ASKAUTOLTD	Auto Components
ASLIND	NSE:ASLIND	Auto Components
ASMS	NSE:ASMS	IT - Services
ASPINWALL	NSE:ASPINWALL	Transport Services
ASPIRE	NSE:ASPIRE	Consumer Durables
ASTEC	NSE:ASTEC	Fertilizers & Agrochemicals
ASTERDM	NSE:ASTERDM	Healthcare Services
ASTRAL	NSE:ASTRAL	Industrial Products
ASTRAMICRO	NSE:ASTRAMICRO	Aerospace & Defense
ASTRAZEN	NSE:ASTRAZEN	Pharmaceuticals & Biotechnology
ASTRON	NSE:ASTRON	Paper, Forest & Jute Products
ATALREAL	NSE:ATALREAL	Realty
ATAM	NSE:ATAM	Industrial Manufacturing
ATCENERGY	NSE:ATCENERGY	Electrical Equipment
ATGL	NSE:ATGL	Gas
ATHERENERG	NSE:ATHERENERG	Automobiles
ATL	NSE:ATL	Transport Infrastructure
ATLANTAA	NSE:ATLANTAA	Construction
ATLANTAELE	NSE:ATLANTAELE	Electrical Equipment
ATLASCYCLE	NSE:ATLASCYCLE	Consumer Durables
ATMASTCO	NSE:ATMASTCO	Construction
ATUL	NSE:ATUL	Chemicals & Petrochemicals
ATULAUTO	NSE:ATULAUTO	Agricultural, Commercial & Construction Vehicles
AUBANK	NSE:AUBANK	Banks
AURIGROW	NSE:AURIGROW	Industrial Manufacturing
AURIONPRO	NSE:AURIONPRO	IT - Software
AUROIMPEX	NSE:AUROIMPEX	Industrial Products
AUROPHARMA	NSE:AUROPHARMA	Pharmaceuticals & Biotechnology
AURUM	NSE:AURUM	IT - Services
AUSL	NSE:AUSL	Industrial Products
AUSOMENT	NSE:AUSOMENT	Consumer Durables
AUTOAXLES	NSE:AUTOAXLES	Auto Components
AUTOIND	NSE:AUTOIND	Auto Components
AVADHSUGAR	NSE:AVADHSUGAR	Agricultural Food & other Products
AVALON	NSE:AVALON	Electrical Equipment
AVANA	NSE:AVANA	Electrical Equipment
AVANTEL	NSE:AVANTEL	Aerospace & Defense
AVANTIFEED	NSE:AVANTIFEED	Food Products
AVG	NSE:AVG	Transport Services
AVIANSH	NSE:AVIANSH	Textiles & Apparels
AVL	NSE:AVL	Retailing
AVONMORE	NSE:AVONMORE	Finance
AVPINFRA	NSE:AVPINFRA	Construction
AVROIND	NSE:AVROIND	Consumer Durables
AVTNPL	NSE:AVTNPL	Agricultural Food & other Products
AWFIS	NSE:AWFIS	Commercial Services & Supplies
AWHCL	NSE:AWHCL	Other Utilities
AWL	NSE:AWL	Agricultural Food & other Products
AXISBANK	NSE:AXISBANK	Banks
AXISCADES	NSE:AXISCADES	Aerospace & Defense
AXITA	NSE:AXITA	Textiles & Apparels
AYE	NSE:AYE	Finance
AYMSYNTEX	NSE:AYMSYNTEX	Textiles & Apparels
AZAD	NSE:AZAD	Electrical Equipment
BABAFP	NSE:BABAFP	Food Products
BAFNAPH	NSE:BAFNAPH	Pharmaceuticals & Biotechnology
BAGDIGITAL	NSE:BAGDIGITAL	Entertainment
BAGFILMS	NSE:BAGFILMS	Entertainment
BAHETI	NSE:BAHETI	Industrial Products
BAIDFIN	NSE:BAIDFIN	Finance
BAJAJ-AUTO	NSE:BAJAJ-AUTO	Automobiles
BAJAJCON	NSE:BAJAJCON	Personal Products
BAJAJELEC	NSE:BAJAJELEC	Consumer Durables
BAJAJFINSV	NSE:BAJAJFINSV	Finance
BAJAJHCARE	NSE:BAJAJHCARE	Pharmaceuticals & Biotechnology
BAJAJHFL	NSE:BAJAJHFL	Finance
BAJAJHIND	NSE:BAJAJHIND	Agricultural Food & other Products
BAJAJHLDNG	NSE:BAJAJHLDNG	Finance
BAJAJINDEF	NSE:BAJAJINDEF	Industrial Manufacturing
BAJEL	NSE:BAJEL	Electrical Equipment
BAJFINANCE	NSE:BAJFINANCE	Finance
BALAJEE	NSE:BALAJEE	Industrial Products
BALAJIPHOS	NSE:BALAJIPHOS	Fertilizers & Agrochemicals
BALAJITELE	NSE:BALAJITELE	Entertainment
BALAMINES	NSE:BALAMINES	Chemicals & Petrochemicals
BALAXI	NSE:BALAXI	Pharmaceuticals & Biotechnology
BALCO	NSE:BALCO	Industrial Products
BALKRISHNA	NSE:BALKRISHNA	Paper, Forest & Jute Products
BALKRISIND	NSE:BALKRISIND	Auto Components
BALMLAWRIE	NSE:BALMLAWRIE	Diversified
BALPHARMA	NSE:BALPHARMA	Pharmaceuticals & Biotechnology
BALRAMCHIN	NSE:BALRAMCHIN	Agricultural Food & other Products
BALUFORGE	NSE:BALUFORGE	Industrial Products
BANARBEADS	NSE:BANARBEADS	Consumer Durables
BANARISUG	NSE:BANARISUG	Agricultural Food & other Products
BANCOINDIA	NSE:BANCOINDIA	Auto Components
BANDHANBNK	NSE:BANDHANBNK	Banks
BANG	NSE:BANG	Textiles & Apparels
BANKA	NSE:BANKA	Construction
BANKBARODA	NSE:BANKBARODA	Banks
BANKINDIA	NSE:BANKINDIA	Banks
BANSALWIRE	NSE:BANSALWIRE	Industrial Products
BANSWRAS	NSE:BANSWRAS	Textiles & Apparels
BARFLEX	NSE:BARFLEX	Industrial Products
BASF	NSE:BASF	Chemicals & Petrochemicals
BASILIC	NSE:BASILIC	Entertainment
BASML	NSE:BASML	Textiles & Apparels
BATAINDIA	NSE:BATAINDIA	Consumer Durables
BAWEJA	NSE:BAWEJA	Entertainment
BAYERCROP	NSE:BAYERCROP	Fertilizers & Agrochemicals
BBL	NSE:BBL	Electrical Equipment
BBOX	NSE:BBOX	IT - Services
BBTC	NSE:BBTC	Food Products
BBTCL	NSE:BBTCL	Industrial Products
BCG	NSE:BCG	IT - Services
BCLIND	NSE:BCLIND	Beverages
BCONCEPTS	NSE:BCONCEPTS	Retailing
BCP	NSE:BCP	Industrial Products
BCPL	NSE:BCPL	Construction
BDL	NSE:BDL	Aerospace & Defense
BEACON	NSE:BEACON	Capital Markets
BEARDSELL	NSE:BEARDSELL	Industrial Products
BECTORFOOD	NSE:BECTORFOOD	Food Products
BEDMUTHA	NSE:BEDMUTHA	Industrial Products
BEL	NSE:BEL	Aerospace & Defense
BELLACASA	NSE:BELLACASA	Textiles & Apparels
BELRISE	NSE:BELRISE	Auto Components
BEML	NSE:BEML	Agricultural, Commercial & Construction Vehicles
BEPL	NSE:BEPL	Chemicals & Petrochemicals
BERGEPAINT	NSE:BERGEPAINT	Consumer Durables
BESTAGRO	NSE:BESTAGRO	Fertilizers & Agrochemicals
BETA	NSE:BETA	Pharmaceuticals & Biotechnology
BEWLTD	NSE:BEWLTD	Industrial Manufacturing
BFINVEST	NSE:BFINVEST	Finance
BFUTILITIE	NSE:BFUTILITIE	Transport Infrastructure
BGLOBAL	NSE:BGLOBAL	IT - Services
BGRENERGY	NSE:BGRENERGY	Construction
BHADORA	NSE:BHADORA	Industrial Products
BHAGCHEM	NSE:BHAGCHEM	Fertilizers & Agrochemicals
BHAGERIA	NSE:BHAGERIA	Chemicals & Petrochemicals
BHAGYANGR	NSE:BHAGYANGR	Non - Ferrous Metals
BHANDARI	NSE:BHANDARI	Textiles & Apparels
BHARATCOAL	NSE:BHARATCOAL	Consumable Fuels
BHARATFORG	NSE:BHARATFORG	Auto Components
BHARATGEAR	NSE:BHARATGEAR	Auto Components
BHARATRAS	NSE:BHARATRAS	Fertilizers & Agrochemicals
BHARATSE	NSE:BHARATSE	Auto Components
BHARATWIRE	NSE:BHARATWIRE	Industrial Products
BHARTIARTL	NSE:BHARTIARTL	Telecom - Services
BHARTIHEXA	NSE:BHARTIHEXA	Telecom - Services
BHEL	NSE:BHEL	Electrical Equipment
BIGBLOC	NSE:BIGBLOC	Cement & Cement Products
BIKAJI	NSE:BIKAJI	Food Products
BIKEWO	NSE:BIKEWO	Automobiles
BIL	NSE:BIL	Consumer Durables
BILVYAPAR	NSE:BILVYAPAR	Finance
BIOCON	NSE:BIOCON	Pharmaceuticals & Biotechnology
BIOFILCHEM	NSE:BIOFILCHEM	Pharmaceuticals & Biotechnology
BIOPOL	NSE:BIOPOL	Chemicals & Petrochemicals
BIRDYS	NSE:BIRDYS	Leisure Services
BIRET	NSE:BIRET	Realty
BIRLACABLE	NSE:BIRLACABLE	Telecom - Equipment & Accessories
BIRLACORPN	NSE:BIRLACORPN	Cement & Cement Products
BIRLAMONEY	NSE:BIRLAMONEY	Capital Markets
BIRLANU	NSE:BIRLANU	Consumer Durables
BLACKBUCK	NSE:BLACKBUCK	Transport Services
BLAL	NSE:BLAL	Finance
BLBLIMITED	NSE:BLBLIMITED	Finance
BLISSGVS	NSE:BLISSGVS	Pharmaceuticals & Biotechnology
BLKASHYAP	NSE:BLKASHYAP	Construction
BLS	NSE:BLS	Leisure Services
BLSE	NSE:BLSE	IT - Services
BLUECHIP	NSE:BLUECHIP	Finance
BLUECOAST	NSE:BLUECOAST	Leisure Services
BLUEDART	NSE:BLUEDART	Transport Services
BLUEJET	NSE:BLUEJET	Pharmaceuticals & Biotechnology
BLUEPEBBLE	NSE:BLUEPEBBLE	Other Consumer Services
BLUESTARCO	NSE:BLUESTARCO	Consumer Durables
BLUESTONE	NSE:BLUESTONE	Consumer Durables
BLUEWATER	NSE:BLUEWATER	Transport Services
BLUSPRING	NSE:BLUSPRING	Commercial Services & Supplies
BMETRICS	NSE:BMETRICS	Commercial Services & Supplies
BMWVENTLTD	NSE:BMWVENTLTD	Metals & Minerals Trading
BODALCHEM	NSE:BODALCHEM	Chemicals & Petrochemicals
BOHRAIND	NSE:BOHRAIND	Fertilizers & Agrochemicals
BOMDYEING	NSE:BOMDYEING	Textiles & Apparels
BONLON	NSE:BONLON	Diversified Metals
BORANA	NSE:BORANA	Textiles & Apparels
BOROLTD	NSE:BOROLTD	Consumer Durables
BORORENEW	NSE:BORORENEW	Industrial Products
BOROSCI	NSE:BOROSCI	Industrial Products
BOSCH-HCIL	NSE:BOSCH-HCIL	Consumer Durables
BOSCHLTD	NSE:BOSCHLTD	Auto Components
BOSS	NSE:BOSS	Industrial Manufacturing
BPCL	NSE:BPCL	Petroleum Products
BPL	NSE:BPL	Consumer Durables
BRACEPORT	NSE:BRACEPORT	Transport Services
BRANDMAN	NSE:BRANDMAN	Consumer Durables
BRIGADE	NSE:BRIGADE	Realty
BRIGHOTEL	NSE:BRIGHOTEL	Leisure Services
BRITANNIA	NSE:BRITANNIA	Food Products
BRNL	NSE:BRNL	Construction
BROOKS	NSE:BROOKS	Pharmaceuticals & Biotechnology
BSE	NSE:BSE	Capital Markets
BSHSL	NSE:BSHSL	Agricultural Food & other Products
BSL	NSE:BSL	Textiles & Apparels
BSOFT	NSE:BSOFT	IT - Software
BTML	NSE:BTML	Entertainment
BUILDPRO	NSE:BUILDPRO	Retailing
BULKCORP	NSE:BULKCORP	Industrial Products
BUTTERFLY	NSE:BUTTERFLY	Consumer Durables
BVCL	NSE:BVCL	Cement & Cement Products
BYKE	NSE:BYKE	Leisure Services
C2C	NSE:C2C	Aerospace & Defense
CADSYS	NSE:CADSYS	Commercial Services & Supplies
CALSOFT	NSE:CALSOFT	IT - Software
CAMLINFINE	NSE:CAMLINFINE	Chemicals & Petrochemicals
CAMPUS	NSE:CAMPUS	Consumer Durables
CAMS	NSE:CAMS	Capital Markets
CANARYS	NSE:CANARYS	IT - Software
CANBK	NSE:CANBK	Banks
CANFINHOME	NSE:CANFINHOME	Finance
CANHLIFE	NSE:CANHLIFE	Insurance
CANTABIL	NSE:CANTABIL	Textiles & Apparels
CAPACITE	NSE:CAPACITE	Construction
CAPILLARY	NSE:CAPILLARY	IT - Software
CAPINVIT	NSE:CAPINVIT	Construction
CAPITALSFB	NSE:CAPITALSFB	Banks
CAPLIPOINT	NSE:CAPLIPOINT	Pharmaceuticals & Biotechnology
CAPTRUST	NSE:CAPTRUST	Finance
CARBORUNIV	NSE:CARBORUNIV	Industrial Products
CARERATING	NSE:CARERATING	Capital Markets
CARRARO	NSE:CARRARO	Auto Components
CARTRADE	NSE:CARTRADE	Retailing
CARYSIL	NSE:CARYSIL	Consumer Durables
CASTROLIND	NSE:CASTROLIND	Petroleum Products
CBAZAAR	NSE:CBAZAAR	Retailing
CCAVENUE	NSE:CCAVENUE	Financial Technology (Fintech)
CCCL	NSE:CCCL	Realty
CCHHL	NSE:CCHHL	Leisure Services
CCL	NSE:CCL	Agricultural Food & other Products
CDSL	NSE:CDSL	Capital Markets
CEATLTD	NSE:CEATLTD	Auto Components
CEDAAR	NSE:CEDAAR	Textiles & Apparels
CEIGALL	NSE:CEIGALL	Construction
CEINSYS	NSE:CEINSYS	IT - Software
CELEBRITY	NSE:CELEBRITY	Textiles & Apparels
CELLECOR	NSE:CELLECOR	Consumer Durables
CELLO	NSE:CELLO	Consumer Durables
CELLPOINT	NSE:CELLPOINT	Retailing
CEMPRO	NSE:CEMPRO	Construction
CENTENKA	NSE:CENTENKA	Textiles & Apparels
CENTEXT	NSE:CENTEXT	Industrial Products
CENTRALBK	NSE:CENTRALBK	Banks
CENTRUM	NSE:CENTRUM	Finance
CENTUM	NSE:CENTUM	Industrial Manufacturing
CENTURYPLY	NSE:CENTURYPLY	Consumer Durables
CERA	NSE:CERA	Consumer Durables
CEREBRAINT	NSE:CEREBRAINT	IT - Hardware
CESC	NSE:CESC	Power
CEWATER	NSE:CEWATER	Other Utilities
CGCL	NSE:CGCL	Finance
CGPOWER	NSE:CGPOWER	Electrical Equipment
CGRAPHICS	NSE:CGRAPHICS	Industrial Products
CHALET	NSE:CHALET	Leisure Services
CHAMBLFERT	NSE:CHAMBLFERT	Fertilizers & Agrochemicals
CHAMUNDA	NSE:CHAMUNDA	Commercial Services & Supplies
CHANDAN	NSE:CHANDAN	Healthcare Services
CHAVDA	NSE:CHAVDA	Construction
CHEMBOND	NSE:CHEMBOND	Chemicals & Petrochemicals
CHEMBONDCH	NSE:CHEMBONDCH	Chemicals & Petrochemicals
CHEMCON	NSE:CHEMCON	Chemicals & Petrochemicals
CHEMFAB	NSE:CHEMFAB	Chemicals & Petrochemicals
CHEMPLASTS	NSE:CHEMPLASTS	Chemicals & Petrochemicals
CHENNPETRO	NSE:CHENNPETRO	Petroleum Products
CHETANA	NSE:CHETANA	Printing & Publication
CHEVIOT	NSE:CHEVIOT	Paper, Forest & Jute Products
CHOICEIN	NSE:CHOICEIN	Finance
CHOLAFIN	NSE:CHOLAFIN	Finance
CHOLAHLDNG	NSE:CHOLAHLDNG	Finance
CIEINDIA	NSE:CIEINDIA	Auto Components
CIFL	NSE:CIFL	Finance
CIGNITITEC	NSE:CIGNITITEC	IT - Services
CINELINE	NSE:CINELINE	Entertainment
CINEVISTA	NSE:CINEVISTA	Entertainment
CIPLA	NSE:CIPLA	Pharmaceuticals & Biotechnology
CKKRETAIL	NSE:CKKRETAIL	Agricultural Food & other Products
CLASSICEIL	NSE:CLASSICEIL	Industrial Products
CLCIND	NSE:CLCIND	Textiles & Apparels
CLEAN	NSE:CLEAN	Chemicals & Petrochemicals
CLEANMAX	NSE:CLEANMAX	Power
CLEDUCATE	NSE:CLEDUCATE	Other Consumer Services
CLSEL	NSE:CLSEL	Agricultural Food & other Products
CLSL	NSE:CLSL	Fertilizers & Agrochemicals
CMICABLES	NSE:CMICABLES	Industrial Products
CMNL	NSE:CMNL	Ferrous Metals
CMPDI	NSE:CMPDI	Construction
CMRSL	NSE:CMRSL	Media
CMSINFO	NSE:CMSINFO	Commercial Services & Supplies
CNL	NSE:CNL	Commercial Services & Supplies
COALINDIA	NSE:COALINDIA	Consumable Fuels
COASTCORP	NSE:COASTCORP	Food Products
COCHINSHIP	NSE:COCHINSHIP	Industrial Manufacturing
COFFEEDAY	NSE:COFFEEDAY	Leisure Services
COFORGE	NSE:COFORGE	IT - Software
COHANCE	NSE:COHANCE	Pharmaceuticals & Biotechnology
COLPAL	NSE:COLPAL	Personal Products
COMMITTED	NSE:COMMITTED	Transport Services
COMPINFO	NSE:COMPINFO	IT - Hardware
COMPUSOFT	NSE:COMPUSOFT	Other Consumer Services
COMSYN	NSE:COMSYN	Industrial Products
CONCOR	NSE:CONCOR	Transport Services
CONCORDBIO	NSE:CONCORDBIO	Pharmaceuticals & Biotechnology
CONFIPET	NSE:CONFIPET	Gas
CONNPLEX	NSE:CONNPLEX	Entertainment
CONSOFINVT	NSE:CONSOFINVT	Finance
CONTI	NSE:CONTI	Commercial Services & Supplies
CONTROLPR	NSE:CONTROLPR	IT - Hardware
COOLCAPS	NSE:COOLCAPS	Industrial Products
CORALFINAC	NSE:CORALFINAC	Commercial Services & Supplies
CORDSCABLE	NSE:CORDSCABLE	Industrial Products
COROMANDEL	NSE:COROMANDEL	Fertilizers & Agrochemicals
CORONA	NSE:CORONA	Pharmaceuticals & Biotechnology
COSMOFIRST	NSE:COSMOFIRST	Industrial Products
COUNCODOS	NSE:COUNCODOS	Realty
CPCAP	NSE:CPCAP	Finance
CPEDU	NSE:CPEDU	Other Consumer Services
CPPLUS	NSE:CPPLUS	Industrial Manufacturing
CPS	NSE:CPS	Textiles & Apparels
CRAFTSMAN	NSE:CRAFTSMAN	Auto Components
CRAMC	NSE:CRAMC	Capital Markets
CRAYONS	NSE:CRAYONS	Media
CREATIVEYE	NSE:CREATIVEYE	Entertainment
CREDITACC	NSE:CREDITACC	Finance
CREST	NSE:CREST	Finance
CRISIL	NSE:CRISIL	Finance
CRIZAC	NSE:CRIZAC	Retailing
CROMPTON	NSE:CROMPTON	Consumer Durables
CROWN	NSE:CROWN	Industrial Manufacturing
CSBBANK	NSE:CSBBANK	Banks
CSLFINANCE	NSE:CSLFINANCE	Finance
CSSL	NSE:CSSL	Commercial Services & Supplies
CTE	NSE:CTE	IT - Software
CUB	NSE:CUB	Banks
CUBEINVIT	NSE:CUBEINVIT	Transport Infrastructure
CUBEXTUB	NSE:CUBEXTUB	Industrial Products
CUDML	NSE:CUDML	Media
CUMMINSIND	NSE:CUMMINSIND	Industrial Products
CUPID	NSE:CUPID	Personal Products
CURAA	NSE:CURAA	IT - Software
CURIS	NSE:CURIS	Pharmaceuticals & Biotechnology
CURRENT	NSE:CURRENT	Construction
CYBERMEDIA	NSE:CYBERMEDIA	Media
CYBERTECH	NSE:CYBERTECH	IT - Software
CYIENT	NSE:CYIENT	IT - Services
CYIENTDLM	NSE:CYIENTDLM	Industrial Manufacturing
DABUR	NSE:DABUR	Personal Products
DALBHARAT	NSE:DALBHARAT	Cement & Cement Products
DALMIASUG	NSE:DALMIASUG	Agricultural Food & other Products
DAMCAPITAL	NSE:DAMCAPITAL	Capital Markets
DAMODARIND	NSE:DAMODARIND	Textiles & Apparels
DANGEE	NSE:DANGEE	Food Products
DANISH	NSE:DANISH	Electrical Equipment
DATAMATICS	NSE:DATAMATICS	IT - Services
DATAPATTNS	NSE:DATAPATTNS	Aerospace & Defense
DAVANGERE	NSE:DAVANGERE	Diversified FMCG
DBCORP	NSE:DBCORP	Media
DBEIL	NSE:DBEIL	Construction
DBL	NSE:DBL	Construction
DBOL	NSE:DBOL	Agricultural Food & other Products
DBREALTY	NSE:DBREALTY	Leisure Services
DBSTOCKBRO	NSE:DBSTOCKBRO	Capital Markets
DCAL	NSE:DCAL	Pharmaceuticals & Biotechnology
DCBBANK	NSE:DCBBANK	Banks
DCCL	NSE:DCCL	Finance
DCG	NSE:DCG	Industrial Products
DCI	NSE:DCI	IT - Hardware
DCM	NSE:DCM	IT - Services
DCMFINSERV	NSE:DCMFINSERV	Finance
DCMNVL	NSE:DCMNVL	Textiles & Apparels
DCMSHRIRAM	NSE:DCMSHRIRAM	Diversified
DCMSIL	NSE:DCMSIL	Textiles & Apparels
DCMSRIND	NSE:DCMSRIND	Agricultural Food & other Products
DCW	NSE:DCW	Chemicals & Petrochemicals
DCXINDIA	NSE:DCXINDIA	Aerospace & Defense
DDEVPLSTIK	NSE:DDEVPLSTIK	Chemicals & Petrochemicals
DECCANCE	NSE:DECCANCE	Cement & Cement Products
DECCANTRAN	NSE:DECCANTRAN	Transport Services
DEEDEV	NSE:DEEDEV	Industrial Manufacturing
DEEM	NSE:DEEM	Industrial Products
DEEPAKFERT	NSE:DEEPAKFERT	Chemicals & Petrochemicals
DEEPAKNTR	NSE:DEEPAKNTR	Chemicals & Petrochemicals
DEEPINDS	NSE:DEEPINDS	Oil
DELAPLEX	NSE:DELAPLEX	IT - Software
DELHIVERY	NSE:DELHIVERY	Transport Services
DELPHIFX	NSE:DELPHIFX	Finance
DELTACORP	NSE:DELTACORP	Leisure Services
DELTAMAGNT	NSE:DELTAMAGNT	Industrial Products
DELTIC	NSE:DELTIC	Automobiles
DEN	NSE:DEN	Entertainment
DENEERS	NSE:DENEERS	Industrial Products
DENORA	NSE:DENORA	Industrial Products
DENTA	NSE:DENTA	Other Utilities
DENTALKART	NSE:DENTALKART	Healthcare Equipment & Supplies
DEVIT	NSE:DEVIT	IT - Services
DEVX	NSE:DEVX	Commercial Services & Supplies
DEVYANI	NSE:DEVYANI	Leisure Services
DGCONTENT	NSE:DGCONTENT	Media
DHAMPURSUG	NSE:DHAMPURSUG	Agricultural Food & other Products
DHANBANK	NSE:DHANBANK	Banks
DHANLAXMI	NSE:DHANLAXMI	Agricultural Food & other Products
DHANUKA	NSE:DHANUKA	Fertilizers & Agrochemicals
DHARAN	NSE:DHARAN	Realty
DHARARAIL	NSE:DHARARAIL	Commercial Services & Supplies
DHARIWAL	NSE:DHARIWAL	Chemicals & Petrochemicals
DHARMAJ	NSE:DHARMAJ	Fertilizers & Agrochemicals
DHRUV	NSE:DHRUV	Commercial Services & Supplies
DHTL	NSE:DHTL	Other Consumer Services
DHUNINV	NSE:DHUNINV	Finance
DIACABS	NSE:DIACABS	Electrical Equipment
DIAMINESQ	NSE:DIAMINESQ	Chemicals & Petrochemicals
DIAMONDYD	NSE:DIAMONDYD	Food Products
DICIND	NSE:DICIND	Chemicals & Petrochemicals
DIFFNKG	NSE:DIFFNKG	Industrial Products
DIGIDRIVE	NSE:DIGIDRIVE	Retailing
DIGIKORE	NSE:DIGIKORE	Entertainment
DIGISPICE	NSE:DIGISPICE	IT - Services
DIGITIDE	NSE:DIGITIDE	IT - Services
DIGJAMLMTD	NSE:DIGJAMLMTD	Textiles & Apparels
DIL	NSE:DIL	Leisure Services
DIRL	NSE:DIRL	Realty
DISHTV	NSE:DISHTV	Entertainment
DIVGIITTS	NSE:DIVGIITTS	Auto Components
DIVINEHIRA	NSE:DIVINEHIRA	Consumer Durables
DIVISLAB	NSE:DIVISLAB	Pharmaceuticals & Biotechnology
DIVYADHAN	NSE:DIVYADHAN	Textiles & Apparels
DIXON	NSE:DIXON	Consumer Durables
DJML	NSE:DJML	Transport Services
DKEGL	NSE:DKEGL	Industrial Products
DLF	NSE:DLF	Realty
DLINKINDIA	NSE:DLINKINDIA	IT - Hardware
DMART	NSE:DMART	Retailing
DMCC	NSE:DMCC	Chemicals & Petrochemicals
DNAMEDIA	NSE:DNAMEDIA	Media
DODLA	NSE:DODLA	Food Products
DOLATALGO	NSE:DOLATALGO	Capital Markets
DOLLAR	NSE:DOLLAR	Textiles & Apparels
DOLLEX	NSE:DOLLEX	Agricultural Food & other Products
DOLPHIN	NSE:DOLPHIN	Oil
DOMS	NSE:DOMS	Household Products
DONEAR	NSE:DONEAR	Textiles & Apparels
DPABHUSHAN	NSE:DPABHUSHAN	Consumer Durables
DPEL	NSE:DPEL	Industrial Products
DPSCLTD	NSE:DPSCLTD	Power
DPWIRES	NSE:DPWIRES	Industrial Products
DRCSYSTEMS	NSE:DRCSYSTEMS	IT - Software
DREAMFOLKS	NSE:DREAMFOLKS	Transport Infrastructure
DREDGECORP	NSE:DREDGECORP	Engineering Services
DRONE	NSE:DRONE	Other Consumer Services
DRREDDY	NSE:DRREDDY	Pharmaceuticals & Biotechnology
DRSCARGO	NSE:DRSCARGO	Transport Services
DRSDILIP	NSE:DRSDILIP	Transport Services
DSFCL	NSE:DSFCL	Chemicals & Petrochemicals
DSSL	NSE:DSSL	IT - Services
DTIL	NSE:DTIL	Agricultural Food & other Products
DTL	NSE:DTL	Commercial Services & Supplies
DUCOL	NSE:DUCOL	Chemicals & Petrochemicals
DUCON	NSE:DUCON	Industrial Manufacturing
DUGLOBAL	NSE:DUGLOBAL	Leisure Services
DURLAX	NSE:DURLAX	Consumer Durables
DVL	NSE:DVL	Diversified
DWARKESH	NSE:DWARKESH	Agricultural Food & other Products
DYCL	NSE:DYCL	Industrial Products
DYNAMATECH	NSE:DYNAMATECH	Industrial Manufacturing
DYNAMIC	NSE:DYNAMIC	Commercial Services & Supplies
DYNPRO	NSE:DYNPRO	Chemicals & Petrochemicals
E2E	NSE:E2E	IT - Services
E2ERAIL	NSE:E2ERAIL	Construction
EASEMYTRIP	NSE:EASEMYTRIP	Leisure Services
EASTSILK	NSE:EASTSILK	Textiles & Apparels
EBGNG	NSE:EBGNG	IT - Hardware
ECLERX	NSE:ECLERX	Commercial Services & Supplies
ECOLINE	NSE:ECOLINE	Industrial Products
ECOSMOBLTY	NSE:ECOSMOBLTY	Transport Services
EDELWEISS	NSE:EDELWEISS	Finance
EDUCOMP	NSE:EDUCOMP	Other Consumer Services
EEPL	NSE:EEPL	Electrical Equipment
EFACTOR	NSE:EFACTOR	Other Consumer Services
EFCIL	NSE:EFCIL	Commercial Services & Supplies
EFFWA	NSE:EFFWA	Other Utilities
EFORCE	NSE:EFORCE	Electrical Equipment
EICHERMOT	NSE:EICHERMOT	Automobiles
EIDPARRY	NSE:EIDPARRY	Food Products
EIEL	NSE:EIEL	Other Utilities
EIFFL	NSE:EIFFL	Food Products
EIHAHOTELS	NSE:EIHAHOTELS	Leisure Services
EIHOTEL	NSE:EIHOTEL	Leisure Services
EIMCOELECO	NSE:EIMCOELECO	Industrial Manufacturing
EKC	NSE:EKC	Industrial Manufacturing
ELDEHSG	NSE:ELDEHSG	Realty
ELECON	NSE:ELECON	Electrical Equipment
ELECTCAST	NSE:ELECTCAST	Industrial Products
ELECTHERM	NSE:ELECTHERM	Industrial Products
ELGIEQUIP	NSE:ELGIEQUIP	Industrial Products
ELGIRUBCO	NSE:ELGIRUBCO	Industrial Products
ELGNZ	NSE:ELGNZ	Commercial Services & Supplies
ELIN	NSE:ELIN	Consumer Durables
ELLEN	NSE:ELLEN	Chemicals & Petrochemicals
EMAMILTD	NSE:EMAMILTD	Personal Products
EMAMIPAP	NSE:EMAMIPAP	Paper, Forest & Jute Products
EMAMIREAL	NSE:EMAMIREAL	Realty
EMAPARTNER	NSE:EMAPARTNER	Commercial Services & Supplies
EMBASSY	NSE:EMBASSY	Realty
EMBDL	NSE:EMBDL	Realty
EMCURE	NSE:EMCURE	Pharmaceuticals & Biotechnology
EMIL	NSE:EMIL	Retailing
EMKAY	NSE:EMKAY	Capital Markets
EMKAYTOOLS	NSE:EMKAYTOOLS	Industrial Manufacturing
EMMBI	NSE:EMMBI	Industrial Products
EMMIL	NSE:EMMIL	Industrial Manufacturing
EMMVEE	NSE:EMMVEE	Electrical Equipment
EMSLIMITED	NSE:EMSLIMITED	Other Utilities
EMUDHRA	NSE:EMUDHRA	IT - Services
ENCOMPAS	NSE:ENCOMPAS	Commercial Services & Supplies
ENDURANCE	NSE:ENDURANCE	Auto Components
ENERGYDEV	NSE:ENERGYDEV	Power
ENFUSE	NSE:ENFUSE	IT - Services
ENGINERSIN	NSE:ENGINERSIN	Construction
ENIL	NSE:ENIL	Entertainment
ENRIN	NSE:ENRIN	Electrical Equipment
ENSER	NSE:ENSER	IT - Services
ENTERO	NSE:ENTERO	Retailing
ENVIRO	NSE:ENVIRO	Industrial Products
EPACK	NSE:EPACK	Consumer Durables
EPACKPEB	NSE:EPACKPEB	Industrial Manufacturing
EPIGRAL	NSE:EPIGRAL	Chemicals & Petrochemicals
EPL	NSE:EPL	Industrial Products
EPWINDIA	NSE:EPWINDIA	IT - Hardware
EQUIPPP	NSE:EQUIPPP	IT - Software
EQUITASBNK	NSE:EQUITASBNK	Banks
ERIS	NSE:ERIS	Pharmaceuticals & Biotechnology
ESABINDIA	NSE:ESABINDIA	Industrial Products
ESAFSFB	NSE:ESAFSFB	Banks
ESCONET	NSE:ESCONET	IT - Hardware
ESCORTS	NSE:ESCORTS	Agricultural, Commercial & Construction Vehicles
ESFL	NSE:ESFL	Consumer Durables
ESPRIT	NSE:ESPRIT	Consumer Durables
ESSARSHPNG	NSE:ESSARSHPNG	Transport Services
ESSENTIA	NSE:ESSENTIA	Commercial Services & Supplies
ESTER	NSE:ESTER	Industrial Products
ETERNAL	NSE:ETERNAL	Retailing
ETHOSLTD	NSE:ETHOSLTD	Consumer Durables
ETL	NSE:ETL	Industrial Manufacturing
ETML	NSE:ETML	Auto Components
EUREKAFORB	NSE:EUREKAFORB	Consumer Durables
EUROBOND	NSE:EUROBOND	Industrial Products
EUROPRATIK	NSE:EUROPRATIK	Consumer Durables
EUROTEXIND	NSE:EUROTEXIND	Textiles & Apparels
EVEREADY	NSE:EVEREADY	Household Products
EVERESTIND	NSE:EVERESTIND	Other Construction Materials
EXCELINDUS	NSE:EXCELINDUS	Chemicals & Petrochemicals
EXCELLENT	NSE:EXCELLENT	Industrial Products
EXCELSOFT	NSE:EXCELSOFT	IT - Services
EXICOM	NSE:EXICOM	Electrical Equipment
EXIDEIND	NSE:EXIDEIND	Auto Components
EXIMROUTES	NSE:EXIMROUTES	Paper, Forest & Jute Products
EXPLEOSOL	NSE:EXPLEOSOL	IT - Services
EXXARO	NSE:EXXARO	Consumer Durables
FAALCON	NSE:FAALCON	Industrial Manufacturing
FABTECH	NSE:FABTECH	Healthcare Services
FACT	NSE:FACT	Fertilizers & Agrochemicals
FAIRCHEMOR	NSE:FAIRCHEMOR	Chemicals & Petrochemicals
FALCONTECH	NSE:FALCONTECH	Commercial Services & Supplies
FAZE3Q	NSE:FAZE3Q	Textiles & Apparels
FCL	NSE:FCL	Chemicals & Petrochemicals
FCONSUMER	NSE:FCONSUMER	Retailing
FCSSOFT	NSE:FCSSOFT	IT - Services
FDC	NSE:FDC	Pharmaceuticals & Biotechnology
FEDERALBNK	NSE:FEDERALBNK	Banks
FEDFINA	NSE:FEDFINA	Finance
FEL	NSE:FEL	Retailing
FELDVR	NSE:FELDVR	Retailing
FELIX	NSE:FELIX	Other Utilities
FIBERWEB	NSE:FIBERWEB	Textiles & Apparels
FIDEL	NSE:FIDEL	IT - Software
FIEMIND	NSE:FIEMIND	Auto Components
FILATEX	NSE:FILATEX	Textiles & Apparels
FILATFASH	NSE:FILATFASH	Textiles & Apparels
FINBUD	NSE:FINBUD	Financial Technology (Fintech)
FINCABLES	NSE:FINCABLES	Industrial Products
FINEORG	NSE:FINEORG	Chemicals & Petrochemicals
FINKURVE	NSE:FINKURVE	Finance
FINOPB	NSE:FINOPB	Banks
FINPIPE	NSE:FINPIPE	Industrial Products
FIRSTCRY	NSE:FIRSTCRY	Retailing
FISCHER	NSE:FISCHER	Healthcare Equipment & Supplies
FIVESTAR	NSE:FIVESTAR	Finance
FLAIR	NSE:FLAIR	Household Products
FLEXITUFF	NSE:FLEXITUFF	Textiles & Apparels
FLFL	NSE:FLFL	Retailing
FLUOROCHEM	NSE:FLUOROCHEM	Chemicals & Petrochemicals
FLYSBS	NSE:FLYSBS	Transport Services
FMGOETZE	NSE:FMGOETZE	Auto Components
FMNL	NSE:FMNL	Commercial Services & Supplies
FOCE	NSE:FOCE	Consumer Durables
FOCUS	NSE:FOCUS	Consumer Durables
FONEBOX	NSE:FONEBOX	Retailing
FOODSIN	NSE:FOODSIN	Food Products
FORCAS	NSE:FORCAS	Textiles & Apparels
FORCEMOT	NSE:FORCEMOT	Automobiles
FORGEAUTO	NSE:FORGEAUTO	Auto Components
FORTIS	NSE:FORTIS	Healthcare Services
FOSECOIND	NSE:FOSECOIND	Chemicals & Petrochemicals
FRACTAL	NSE:FRACTAL	IT - Software
FRESHARA	NSE:FRESHARA	Food Products
FROG	NSE:FROG	Telecom - Equipment & Accessories
FSL	NSE:FSL	Commercial Services & Supplies
FUSION	NSE:FUSION	Finance
FWSTC	NSE:FWSTC	Other Consumer Services
GABRIEL	NSE:GABRIEL	Auto Components
GAEL	NSE:GAEL	Agricultural Food & other Products
GAIL	NSE:GAIL	Gas
GAJANAND	NSE:GAJANAND	Textiles & Apparels
GALAPREC	NSE:GALAPREC	Industrial Manufacturing
GALAXYSURF	NSE:GALAXYSURF	Chemicals & Petrochemicals
GALLANTT	NSE:GALLANTT	Industrial Products
GANDHAR	NSE:GANDHAR	Petroleum Products
GANDHITUBE	NSE:GANDHITUBE	Industrial Products
GANECOS	NSE:GANECOS	Textiles & Apparels
GANESHBE	NSE:GANESHBE	Oil
GANESHCP	NSE:GANESHCP	Food Products
GANESHHOU	NSE:GANESHHOU	Realty
GANESHIN	NSE:GANESHIN	Construction
GANGABATH	NSE:GANGABATH	Consumer Durables
GANGAFORGE	NSE:GANGAFORGE	Industrial Products
GANGESSECU	NSE:GANGESSECU	Agricultural Food & other Products
GARFIBRES	NSE:GARFIBRES	Textiles & Apparels
GARUDA	NSE:GARUDA	Construction
GATECH	NSE:GATECH	Finance
GATECHDVR	NSE:GATECHDVR	Finance
GATEWAY	NSE:GATEWAY	Transport Services
GAUDIUMIVF	NSE:GAUDIUMIVF	Healthcare Services
GAYAHWS	NSE:GAYAHWS	Transport Infrastructure
GAYAPROJ	NSE:GAYAPROJ	Construction
GCHOTELS	NSE:GCHOTELS	Leisure Services
GCSL	NSE:GCSL	Capital Markets
GEECEE	NSE:GEECEE	Realty
GEEKAYWIRE	NSE:GEEKAYWIRE	Industrial Products
GEMAROMA	NSE:GEMAROMA	Chemicals & Petrochemicals
GENCON	NSE:GENCON	Realty
GENESYS	NSE:GENESYS	IT - Services
GENSOL	NSE:GENSOL	Electrical Equipment
GENUSPAPER	NSE:GENUSPAPER	Paper, Forest & Jute Products
GENUSPOWER	NSE:GENUSPOWER	Electrical Equipment
GEOJITFSL	NSE:GEOJITFSL	Capital Markets
GESHIP	NSE:GESHIP	Transport Services
GFLLIMITED	NSE:GFLLIMITED	Finance
GFSTEELS	NSE:GFSTEELS	Industrial Products
GGBL	NSE:GGBL	Electrical Equipment
GHCL	NSE:GHCL	Chemicals & Petrochemicals
GHCLTEXTIL	NSE:GHCLTEXTIL	Textiles & Apparels
GICHSGFIN	NSE:GICHSGFIN	Finance
GICL	NSE:GICL	Transport Services
GICRE	NSE:GICRE	Insurance
GILLANDERS	NSE:GILLANDERS	Agricultural Food & other Products
GILLETTE	NSE:GILLETTE	Personal Products
GINNIFILA	NSE:GINNIFILA	Textiles & Apparels
GIPCL	NSE:GIPCL	Power
GIRIRAJ	NSE:GIRIRAJ	Construction
GJL	NSE:GJL	Consumer Durables
GKENERGY	NSE:GKENERGY	Construction
GKSL	NSE:GKSL	Healthcare Services
GKWLIMITED	NSE:GKWLIMITED	Finance
GLAND	NSE:GLAND	Pharmaceuticals & Biotechnology
GLAXO	NSE:GLAXO	Pharmaceuticals & Biotechnology
GLENMARK	NSE:GLENMARK	Pharmaceuticals & Biotechnology
GLFL	NSE:GLFL	Finance
GLOBAL	NSE:GLOBAL	Other Consumer Services
GLOBALE	NSE:GLOBALE	Textiles & Apparels
GLOBALPET	NSE:GLOBALPET	Industrial Manufacturing
GLOBALVECT	NSE:GLOBALVECT	Transport Services
GLOBE	NSE:GLOBE	Textiles & Apparels
GLOBECIVIL	NSE:GLOBECIVIL	Construction
GLOBUSSPR	NSE:GLOBUSSPR	Beverages
GLOSTERLTD	NSE:GLOSTERLTD	Paper, Forest & Jute Products
GLOTTIS	NSE:GLOTTIS	Transport Services
GMBREW	NSE:GMBREW	Beverages
GMDCLTD	NSE:GMDCLTD	Minerals & Mining
GML	NSE:GML	Healthcare Equipment & Supplies
GMMPFAUDLR	NSE:GMMPFAUDLR	Industrial Manufacturing
GMRAIRPORT	NSE:GMRAIRPORT	Transport Infrastructure
GMRP&UI	NSE:GMRP&UI	Power
GNA	NSE:GNA	Auto Components
GNFC	NSE:GNFC	Chemicals & Petrochemicals
GOACARBON	NSE:GOACARBON	Minerals & Mining
GOCLCORP	NSE:GOCLCORP	Chemicals & Petrochemicals
GOCOLORS	NSE:GOCOLORS	Retailing
GODAVARIB	NSE:GODAVARIB	Diversified FMCG
GODFRYPHLP	NSE:GODFRYPHLP	Cigarettes & Tobacco Products
GODIGIT	NSE:GODIGIT	Insurance
GODREJAGRO	NSE:GODREJAGRO	Food Products
GODREJCP	NSE:GODREJCP	Personal Products
GODREJIND	NSE:GODREJIND	Diversified
GODREJPROP	NSE:GODREJPROP	Realty
GOKEX	NSE:GOKEX	Textiles & Apparels
GOKUL	NSE:GOKUL	Agricultural Food & other Products
GOKULAGRO	NSE:GOKULAGRO	Agricultural Food & other Products
GOLDENTOBC	NSE:GOLDENTOBC	Realty
GOLDIAM	NSE:GOLDIAM	Consumer Durables
GOLDKART	NSE:GOLDKART	Consumer Durables
GOLDSTAR	NSE:GOLDSTAR	Auto Components
GOLDTECH	NSE:GOLDTECH	IT - Software
GOODLUCK	NSE:GOODLUCK	Industrial Products
GOODYEAR	NSE:GOODYEAR	Auto Components
GOPAL	NSE:GOPAL	Food Products
GOYALALUM	NSE:GOYALALUM	Commercial Services & Supplies
GOYALSALT	NSE:GOYALSALT	Food Products
GPECO	NSE:GPECO	Electrical Equipment
GPIL	NSE:GPIL	Industrial Products
GPPL	NSE:GPPL	Transport Infrastructure
GPTHEALTH	NSE:GPTHEALTH	Healthcare Services
GPTINFRA	NSE:GPTINFRA	Construction
GRANULES	NSE:GRANULES	Pharmaceuticals & Biotechnology
GRAPHISAD	NSE:GRAPHISAD	Media
GRAPHITE	NSE:GRAPHITE	Industrial Products
GRASIM	NSE:GRASIM	Cement & Cement Products
GRAUWEIL	NSE:GRAUWEIL	Chemicals & Petrochemicals
GRAVITA	NSE:GRAVITA	Minerals & Mining
GRCL	NSE:GRCL	Industrial Products
GREAVESCOT	NSE:GREAVESCOT	Industrial Products
GREENCHEF	NSE:GREENCHEF	Consumer Durables
GREENLAM	NSE:GREENLAM	Consumer Durables
GREENLEAF	NSE:GREENLEAF	Other Utilities
GREENPANEL	NSE:GREENPANEL	Consumer Durables
GREENPLY	NSE:GREENPLY	Consumer Durables
GREENPOWER	NSE:GREENPOWER	Power
GRETEX	NSE:GRETEX	Entertainment
GRINDWELL	NSE:GRINDWELL	Industrial Products
GRINFRA	NSE:GRINFRA	Construction
GRMOVER	NSE:GRMOVER	Agricultural Food & other Products
GROBTEA	NSE:GROBTEA	Agricultural Food & other Products
GROWW	NSE:GROWW	Capital Markets
GRPLTD	NSE:GRPLTD	Industrial Products
GRSE	NSE:GRSE	Aerospace & Defense
GRWRHITECH	NSE:GRWRHITECH	Industrial Products
GSFC	NSE:GSFC	Fertilizers & Agrochemicals
GSLSU	NSE:GSLSU	Consumer Durables
GSMFOILS	NSE:GSMFOILS	Industrial Products
GSPCROP	NSE:GSPCROP	Fertilizers & Agrochemicals
GSPL	NSE:GSPL	Gas
GSS	NSE:GSS	IT - Services
GSTL	NSE:GSTL	IT - Services
GTECJAINX	NSE:GTECJAINX	Other Consumer Services
GTL	NSE:GTL	Telecom - Services
GTLINFRA	NSE:GTLINFRA	Telecom - Services
GTPL	NSE:GTPL	Entertainment
GUFICBIO	NSE:GUFICBIO	Pharmaceuticals & Biotechnology
GUJALKALI	NSE:GUJALKALI	Chemicals & Petrochemicals
GUJAPOLLO	NSE:GUJAPOLLO	Industrial Manufacturing
GUJGASLTD	NSE:GUJGASLTD	Gas
GUJRAFFIA	NSE:GUJRAFFIA	Industrial Products
GUJTHEM	NSE:GUJTHEM	Pharmaceuticals & Biotechnology
GULFOILLUB	NSE:GULFOILLUB	Petroleum Products
GULFPETRO	NSE:GULFPETRO	Petroleum Products
GULPOLY	NSE:GULPOLY	Agricultural Food & other Products
GURUNANAK	NSE:GURUNANAK	Agricultural, Commercial & Construction Vehicles
GVKPIL	NSE:GVKPIL	Construction
GVPIL	NSE:GVPIL	Electrical Equipment
GVPTECH	NSE:GVPTECH	IT - Software
GVT&D	NSE:GVT&D	Electrical Equipment
HAL	NSE:HAL	Aerospace & Defense
HALDER	NSE:HALDER	Agricultural Food & other Products
HALEOSLABS	NSE:HALEOSLABS	Pharmaceuticals & Biotechnology
HAPPSTMNDS	NSE:HAPPSTMNDS	IT - Software
HAPPYFORGE	NSE:HAPPYFORGE	Industrial Products
HARDWYN	NSE:HARDWYN	Consumer Durables
HARIOMPIPE	NSE:HARIOMPIPE	Industrial Products
HARRMALAYA	NSE:HARRMALAYA	Industrial Products
HARSHA	NSE:HARSHA	Industrial Products
HATHWAY	NSE:HATHWAY	Entertainment
HATSUN	NSE:HATSUN	Food Products
HAVELLS	NSE:HAVELLS	Consumer Durables
HAVISHA	NSE:HAVISHA	Leisure Services
HBLENGINE	NSE:HBLENGINE	Industrial Products
HBSL	NSE:HBSL	Finance
HCC	NSE:HCC	Construction
HCG	NSE:HCG	Healthcare Services
HCL-INSYS	NSE:HCL-INSYS	IT - Hardware
HCLTECH	NSE:HCLTECH	IT - Software
HDBFS	NSE:HDBFS	Finance
HDFCAMC	NSE:HDFCAMC	Capital Markets
HDFCBANK	NSE:HDFCBANK	Banks
HDFCLIFE	NSE:HDFCLIFE	Insurance
HDIL	NSE:HDIL	Realty
HEADSUP	NSE:HEADSUP	Textiles & Apparels
HECPROJECT	NSE:HECPROJECT	Construction
HEG	NSE:HEG	Industrial Products
HEIDELBERG	NSE:HEIDELBERG	Cement & Cement Products
HEMIPROP	NSE:HEMIPROP	Commercial Services & Supplies
HERANBA	NSE:HERANBA	Fertilizers & Agrochemicals
HERCULES	NSE:HERCULES	Industrial Manufacturing
HERITGFOOD	NSE:HERITGFOOD	Food Products
HEROMOTOCO	NSE:HEROMOTOCO	Automobiles
HESTERBIO	NSE:HESTERBIO	Pharmaceuticals & Biotechnology
HEXATRADEX	NSE:HEXATRADEX	Finance
HEXT	NSE:HEXT	IT - Software
HFCL	NSE:HFCL	Telecom - Services
HGINFRA	NSE:HGINFRA	Construction
HGM	NSE:HGM	IT - Services
HGS	NSE:HGS	Commercial Services & Supplies
HIGREEN	NSE:HIGREEN	Other Utilities
HIKAL	NSE:HIKAL	Pharmaceuticals & Biotechnology
HILINFRA	NSE:HILINFRA	Transport Infrastructure
HILTON	NSE:HILTON	Industrial Products
HIMATSEIDE	NSE:HIMATSEIDE	Textiles & Apparels
HINDALCO	NSE:HINDALCO	Non - Ferrous Metals
HINDCOMPOS	NSE:HINDCOMPOS	Auto Components
HINDCON	NSE:HINDCON	Chemicals & Petrochemicals
HINDCOPPER	NSE:HINDCOPPER	Non - Ferrous Metals
HINDMOTORS	NSE:HINDMOTORS	Automobiles
HINDOILEXP	NSE:HINDOILEXP	Oil
HINDPETRO	NSE:HINDPETRO	Petroleum Products
HINDUNILVR	NSE:HINDUNILVR	Diversified FMCG
HINDWAREAP	NSE:HINDWAREAP	Consumer Durables
HINDZINC	NSE:HINDZINC	Non - Ferrous Metals
HIRECT	NSE:HIRECT	Industrial Manufacturing
HISARMETAL	NSE:HISARMETAL	Industrial Products
HITECH	NSE:HITECH	Industrial Products
HITECHCORP	NSE:HITECHCORP	Industrial Products
HITECHGEAR	NSE:HITECHGEAR	Auto Components
HLEGLAS	NSE:HLEGLAS	Industrial Manufacturing
HLVLTD	NSE:HLVLTD	Leisure Services
HMAAGRO	NSE:HMAAGRO	Food Products
HMT	NSE:HMT	Industrial Manufacturing
HMVL	NSE:HMVL	Media
HNDFDS	NSE:HNDFDS	Diversified FMCG
HOACFOODS	NSE:HOACFOODS	Food Products
HOLMARC	NSE:HOLMARC	Industrial Products
HOMEFIRST	NSE:HOMEFIRST	Finance
HOMESFY	NSE:HOMESFY	Realty
HONASA	NSE:HONASA	Personal Products
HONAUT	NSE:HONAUT	Industrial Manufacturing
HONDAPOWER	NSE:HONDAPOWER	Industrial Manufacturing
HPAL	NSE:HPAL	Chemicals & Petrochemicals
HPIL	NSE:HPIL	Chemicals & Petrochemicals
HPL	NSE:HPL	Industrial Manufacturing
HPTL	NSE:HPTL	Commercial Services & Supplies
HRHNEXT	NSE:HRHNEXT	Commercial Services & Supplies
HSCL	NSE:HSCL	Chemicals & Petrochemicals
HTMEDIA	NSE:HTMEDIA	Media
HUBTOWN	NSE:HUBTOWN	Realty
HUDCO	NSE:HUDCO	Finance
HUHTAMAKI	NSE:HUHTAMAKI	Industrial Products
HVAX	NSE:HVAX	Construction
HYBRIDFIN	NSE:HYBRIDFIN	Capital Markets
HYUNDAI	NSE:HYUNDAI	Automobiles
IBLFL	NSE:IBLFL	Finance
IBULLSLTD	NSE:IBULLSLTD	Commercial Services & Supplies
ICDSLTD	NSE:ICDSLTD	Commercial Services & Supplies
ICEMAKE	NSE:ICEMAKE	Industrial Manufacturing
ICICIAMC	NSE:ICICIAMC	Capital Markets
ICICIBANK	NSE:ICICIBANK	Banks
ICICIGI	NSE:ICICIGI	Insurance
ICICIPRULI	NSE:ICICIPRULI	Insurance
ICIL	NSE:ICIL	Textiles & Apparels
ICRA	NSE:ICRA	Capital Markets
IDBI	NSE:IDBI	Banks
IDEA	NSE:IDEA	Telecom - Services
IDEAFORGE	NSE:IDEAFORGE	Aerospace & Defense
IDEALTECHO	NSE:IDEALTECHO	Industrial Products
IDENTICAL	NSE:IDENTICAL	Entertainment
IDFCFIRSTB	NSE:IDFCFIRSTB	Banks
IEML	NSE:IEML	Chemicals & Petrochemicals
IEX	NSE:IEX	Capital Markets
IFBAGRO	NSE:IFBAGRO	Beverages
IFBIND	NSE:IFBIND	Consumer Durables
IFCI	NSE:IFCI	Finance
IFGLEXPOR	NSE:IFGLEXPOR	Industrial Products
IGARASHI	NSE:IGARASHI	Auto Components
IGCL	NSE:IGCL	Fertilizers & Agrochemicals
IGIL	NSE:IGIL	Commercial Services & Supplies
IGL	NSE:IGL	Gas
IGPL	NSE:IGPL	Chemicals & Petrochemicals
IIFL	NSE:IIFL	Finance
IIFLCAPS	NSE:IIFLCAPS	Capital Markets
IITL	NSE:IITL	Finance
IKIO	NSE:IKIO	Consumer Durables
IKS	NSE:IKS	IT - Services
IL&FSENGG	NSE:IL&FSENGG	Construction
IL&FSTRANS	NSE:IL&FSTRANS	Construction
IMAGICAA	NSE:IMAGICAA	Leisure Services
IMFA	NSE:IMFA	Ferrous Metals
IMPAL	NSE:IMPAL	Auto Components
IMPEXFERRO	NSE:IMPEXFERRO	Ferrous Metals
INA	NSE:INA	Power
INCREDIBLE	NSE:INCREDIBLE	Industrial Products
INDBANK	NSE:INDBANK	Capital Markets
INDGN	NSE:INDGN	Healthcare Services
INDHOTEL	NSE:INDHOTEL	Leisure Services
INDIACEM	NSE:INDIACEM	Cement & Cement Products
INDIAGLYCO	NSE:INDIAGLYCO	Beverages
INDIAMART	NSE:INDIAMART	Retailing
INDIANB	NSE:INDIANB	Banks
INDIANCARD	NSE:INDIANCARD	Textiles & Apparels
INDIANHUME	NSE:INDIANHUME	Industrial Manufacturing
INDIASHLTR	NSE:INDIASHLTR	Finance
INDIFRA	NSE:INDIFRA	Gas
INDIGO	NSE:INDIGO	Transport Services
INDIGOPNTS	NSE:INDIGOPNTS	Consumer Durables
INDIGRID	NSE:INDIGRID	Power
INDIQUBE	NSE:INDIQUBE	Commercial Services & Supplies
INDNIPPON	NSE:INDNIPPON	Auto Components
INDOAMIN	NSE:INDOAMIN	Chemicals & Petrochemicals
INDOBORAX	NSE:INDOBORAX	Chemicals & Petrochemicals
INDOCO	NSE:INDOCO	Pharmaceuticals & Biotechnology
INDOFARM	NSE:INDOFARM	Agricultural, Commercial & Construction Vehicles
INDORAMA	NSE:INDORAMA	Textiles & Apparels
INDOSTAR	NSE:INDOSTAR	Finance
INDOTECH	NSE:INDOTECH	Electrical Equipment
INDOTHAI	NSE:INDOTHAI	Capital Markets
INDOUS	NSE:INDOUS	Agricultural Food & other Products
INDOWIND	NSE:INDOWIND	Power
INDRAMEDCO	NSE:INDRAMEDCO	Healthcare Services
INDSWFTLAB	NSE:INDSWFTLAB	Pharmaceuticals & Biotechnology
INDTERRAIN	NSE:INDTERRAIN	Textiles & Apparels
INDUSINDBK	NSE:INDUSINDBK	Banks
INDUSINVIT	NSE:INDUSINVIT	Transport Infrastructure
INDUSTOWER	NSE:INDUSTOWER	Telecom - Services
INFINIUM	NSE:INFINIUM	Pharmaceuticals & Biotechnology
INFLUX	NSE:INFLUX	Pharmaceuticals & Biotechnology
INFOBEAN	NSE:INFOBEAN	IT - Software
INFOLLION	NSE:INFOLLION	Commercial Services & Supplies
INFOMEDIA	NSE:INFOMEDIA	Printing & Publication
INFY	NSE:INFY	IT - Software
INGERRAND	NSE:INGERRAND	Industrial Products
INM	NSE:INM	Consumer Durables
INNOMET	NSE:INNOMET	Diversified Metals
INNOVACAP	NSE:INNOVACAP	Pharmaceuticals & Biotechnology
INNOVANA	NSE:INNOVANA	IT - Software
INNOVISION	NSE:INNOVISION	Transport Infrastructure
INOXGREEN	NSE:INOXGREEN	Power
INOXINDIA	NSE:INOXINDIA	Industrial Products
INOXWIND	NSE:INOXWIND	Electrical Equipment
INSECTICID	NSE:INSECTICID	Fertilizers & Agrochemicals
INSPIRE	NSE:INSPIRE	Entertainment
INSPIRISYS	NSE:INSPIRISYS	IT - Services
INTEGRITY	NSE:INTEGRITY	Construction
INTELLECT	NSE:INTELLECT	IT - Software
INTENTECH	NSE:INTENTECH	IT - Services
INTERARCH	NSE:INTERARCH	Construction
INTLCONV	NSE:INTLCONV	Industrial Manufacturing
INVENTURE	NSE:INVENTURE	Capital Markets
INVICTA	NSE:INVICTA	Healthcare Services
IOB	NSE:IOB	Banks
IOC	NSE:IOC	Petroleum Products
IOLCP	NSE:IOLCP	Pharmaceuticals & Biotechnology
IONEXCHANG	NSE:IONEXCHANG	Other Utilities
IPCALAB	NSE:IPCALAB	Pharmaceuticals & Biotechnology
IPHL	NSE:IPHL	Chemicals & Petrochemicals
IPL	NSE:IPL	Fertilizers & Agrochemicals
IPSL	NSE:IPSL	Commercial Services & Supplies
IRB	NSE:IRB	Construction
IRBINVIT	NSE:IRBINVIT	Transport Infrastructure
IRCON	NSE:IRCON	Construction
IRCTC	NSE:IRCTC	Leisure Services
IREDA	NSE:IREDA	Finance
IRFC	NSE:IRFC	Finance
IRIS	NSE:IRIS	IT - Software
IRISDOREME	NSE:IRISDOREME	Textiles & Apparels
IRMENERGY	NSE:IRMENERGY	Gas
ISFT	NSE:ISFT	Retailing
ISGEC	NSE:ISGEC	Construction
ISHAN	NSE:ISHAN	Industrial Manufacturing
ISHANCH	NSE:ISHANCH	Chemicals & Petrochemicals
ITALIANE	NSE:ITALIANE	Food Products
ITC	NSE:ITC	Diversified FMCG
ITCHOTELS	NSE:ITCHOTELS	Leisure Services
ITDC	NSE:ITDC	Leisure Services
ITI	NSE:ITI	Telecom - Equipment & Accessories
ITTL	NSE:ITTL	Auto Components
IVALUE	NSE:IVALUE	IT - Services
IVC	NSE:IVC	Capital Markets
IVP	NSE:IVP	Chemicals & Petrochemicals
IWARE	NSE:IWARE	Transport Services
IXIGO	NSE:IXIGO	Leisure Services
IZMO	NSE:IZMO	IT - Services
J&KBANK	NSE:J&KBANK	Banks
JAGRAN	NSE:JAGRAN	Media
JAGSNPHARM	NSE:JAGSNPHARM	Pharmaceuticals & Biotechnology
JAIBALAJI	NSE:JAIBALAJI	Ferrous Metals
JAICORPLTD	NSE:JAICORPLTD	Industrial Products
JAINAM	NSE:JAINAM	Ferrous Metals
JAINIK	NSE:JAINIK	Non - Ferrous Metals
JAINREC	NSE:JAINREC	Diversified Metals
JAIPURKURT	NSE:JAIPURKURT	Textiles & Apparels
JALAN	NSE:JALAN	Transport Services
JAMNAAUTO	NSE:JAMNAAUTO	Auto Components
JARO	NSE:JARO	Other Consumer Services
JASH	NSE:JASH	Industrial Manufacturing
JAYAGROGN	NSE:JAYAGROGN	Chemicals & Petrochemicals
JAYBARMARU	NSE:JAYBARMARU	Auto Components
JAYBEE	NSE:JAYBEE	Industrial Products
JAYESH	NSE:JAYESH	Transport Services
JAYKAY	NSE:JAYKAY	Aerospace & Defense
JAYNECOIND	NSE:JAYNECOIND	Industrial Products
JAYSREETEA	NSE:JAYSREETEA	Agricultural Food & other Products
JBCHEPHARM	NSE:JBCHEPHARM	Pharmaceuticals & Biotechnology
JBMA	NSE:JBMA	Auto Components
JETFREIGHT	NSE:JETFREIGHT	Transport Services
JEYYAM	NSE:JEYYAM	Food Products
JFLLIFE	NSE:JFLLIFE	Pharmaceuticals & Biotechnology
JGCHEM	NSE:JGCHEM	Chemicals & Petrochemicals
JHS	NSE:JHS	Personal Products
JINDALPHOT	NSE:JINDALPHOT	Finance
JINDALPOLY	NSE:JINDALPOLY	Industrial Products
JINDALSAW	NSE:JINDALSAW	Industrial Products
JINDALSTEL	NSE:JINDALSTEL	Ferrous Metals
JINDRILL	NSE:JINDRILL	Oil
JINDWORLD	NSE:JINDWORLD	Textiles & Apparels
JIOFIN	NSE:JIOFIN	Finance
JISLDVREQS	NSE:JISLDVREQS	Industrial Products
JISLJALEQS	NSE:JISLJALEQS	Industrial Products
JITFINFRA	NSE:JITFINFRA	Other Utilities
JIWANRAM	NSE:JIWANRAM	Industrial Products
JKCEMENT	NSE:JKCEMENT	Cement & Cement Products
JKIL	NSE:JKIL	Construction
JKIPL	NSE:JKIPL	Agricultural, Commercial & Construction Vehicles
JKLAKSHMI	NSE:JKLAKSHMI	Cement & Cement Products
JKPAPER	NSE:JKPAPER	Paper, Forest & Jute Products
JKTYRE	NSE:JKTYRE	Auto Components
JLHL	NSE:JLHL	Healthcare Services
JMA	NSE:JMA	Auto Components
JMFINANCIL	NSE:JMFINANCIL	Finance
JNKINDIA	NSE:JNKINDIA	Industrial Manufacturing
JOCIL	NSE:JOCIL	Chemicals & Petrochemicals
JPASSOCIAT	NSE:JPASSOCIAT	Construction
JPOLYINVST	NSE:JPOLYINVST	Finance
JPPOWER	NSE:JPPOWER	Power
JSFB	NSE:JSFB	Banks
JSL	NSE:JSL	Ferrous Metals
JSLL	NSE:JSLL	Pharmaceuticals & Biotechnology
JSWCEMENT	NSE:JSWCEMENT	Cement & Cement Products
JSWENERGY	NSE:JSWENERGY	Power
JSWHL	NSE:JSWHL	Finance
JSWINFRA	NSE:JSWINFRA	Transport Infrastructure
JSWSTEEL	NSE:JSWSTEEL	Ferrous Metals
JTEKTINDIA	NSE:JTEKTINDIA	Auto Components
JTLIND	NSE:JTLIND	Industrial Products
JUBLCPL	NSE:JUBLCPL	Chemicals & Petrochemicals
JUBLFOOD	NSE:JUBLFOOD	Leisure Services
JUBLINGREA	NSE:JUBLINGREA	Chemicals & Petrochemicals
JUBLPHARMA	NSE:JUBLPHARMA	Pharmaceuticals & Biotechnology
JUNIPER	NSE:JUNIPER	Leisure Services
JUSTDIAL	NSE:JUSTDIAL	Retailing
JWL	NSE:JWL	Industrial Manufacturing
JYOTHYLAB	NSE:JYOTHYLAB	Household Products
JYOTICNC	NSE:JYOTICNC	Industrial Manufacturing
JYOTIGLOBL	NSE:JYOTIGLOBL	Industrial Products
JYOTISTRUC	NSE:JYOTISTRUC	Electrical Equipment
K2INFRA	NSE:K2INFRA	Construction
KABRAEXTRU	NSE:KABRAEXTRU	Industrial Manufacturing
KAJARIACER	NSE:KAJARIACER	Consumer Durables
KAKATCEM	NSE:KAKATCEM	Cement & Cement Products
KALAMANDIR	NSE:KALAMANDIR	Retailing
KALANA	NSE:KALANA	Industrial Products
KALPATARU	NSE:KALPATARU	Realty
KALYANIFRG	NSE:KALYANIFRG	Industrial Products
KALYANKJIL	NSE:KALYANKJIL	Consumer Durables
KAMATHOTEL	NSE:KAMATHOTEL	Leisure Services
KAMDHENU	NSE:KAMDHENU	Industrial Products
KAMOPAINTS	NSE:KAMOPAINTS	Consumer Durables
KANANIIND	NSE:KANANIIND	Consumer Durables
KANDARP	NSE:KANDARP	Commercial Services & Supplies
KANORICHEM	NSE:KANORICHEM	Industrial Manufacturing
KANPRPLA	NSE:KANPRPLA	Industrial Products
KANSAINER	NSE:KANSAINER	Consumer Durables
KAPSTON	NSE:KAPSTON	Commercial Services & Supplies
KARMAENG	NSE:KARMAENG	Power
KARNIKA	NSE:KARNIKA	Textiles & Apparels
KARURVYSYA	NSE:KARURVYSYA	Banks
KATARIA	NSE:KATARIA	Industrial Manufacturing
KAUSHALYA	NSE:KAUSHALYA	Leisure Services
KAVDEFENCE	NSE:KAVDEFENCE	Telecom - Equipment & Accessories
KAYA	NSE:KAYA	Leisure Services
KAYNES	NSE:KAYNES	Industrial Manufacturing
KAYTEX	NSE:KAYTEX	Textiles & Apparels
KCEIL	NSE:KCEIL	Construction
KCK	NSE:KCK	Agricultural Food & other Products
KCP	NSE:KCP	Cement & Cement Products
KCPSUGIND	NSE:KCPSUGIND	Agricultural Food & other Products
KDDL	NSE:KDDL	Consumer Durables
KDL	NSE:KDL	Telecom - Services
KEC	NSE:KEC	Construction
KECL	NSE:KECL	Electrical Equipment
KEEPLEARN	NSE:KEEPLEARN	Other Consumer Services
KEI	NSE:KEI	Industrial Products
KEL	NSE:KEL	Consumer Durables
KELLTONTEC	NSE:KELLTONTEC	IT - Services
KEN	NSE:KEN	Textiles & Apparels
KENNAMET	NSE:KENNAMET	Industrial Manufacturing
KERNEX	NSE:KERNEX	Transport Services
KESORAMIND	NSE:KESORAMIND	Cement & Cement Products
KEYFINSERV	NSE:KEYFINSERV	Capital Markets
KFINTECH	NSE:KFINTECH	Capital Markets
KHADIM	NSE:KHADIM	Consumer Durables
KHAICHEM	NSE:KHAICHEM	Fertilizers & Agrochemicals
KHAITANLTD	NSE:KHAITANLTD	Consumer Durables
KHANDSE	NSE:KHANDSE	Capital Markets
KHFM	NSE:KHFM	Commercial Services & Supplies
KICL	NSE:KICL	Finance
KILITCH	NSE:KILITCH	Pharmaceuticals & Biotechnology
KIMS	NSE:KIMS	Healthcare Services
KINGFA	NSE:KINGFA	Industrial Products
KIOCL	NSE:KIOCL	Ferrous Metals
KIRIINDUS	NSE:KIRIINDUS	Chemicals & Petrochemicals
KIRLFER	NSE:KIRLFER	Ferrous Metals
KIRLOSBROS	NSE:KIRLOSBROS	Industrial Products
KIRLOSENG	NSE:KIRLOSENG	Industrial Products
KIRLOSIND	NSE:KIRLOSIND	Industrial Products
KIRLPNU	NSE:KIRLPNU	Industrial Products
KITEX	NSE:KITEX	Textiles & Apparels
KKCL	NSE:KKCL	Textiles & Apparels
KKJEWELS	NSE:KKJEWELS	Consumer Durables
KKVAPOW	NSE:KKVAPOW	Consumer Durables
KLL	NSE:KLL	Retailing
KMEW	NSE:KMEW	Engineering Services
KMSUGAR	NSE:KMSUGAR	Agricultural Food & other Products
KNAGRI	NSE:KNAGRI	Agricultural Food & other Products
KNRCON	NSE:KNRCON	Construction
KODYTECH	NSE:KODYTECH	IT - Software
KOHINOOR	NSE:KOHINOOR	Agricultural Food & other Products
KOKUYOCMLN	NSE:KOKUYOCMLN	Household Products
KOLTEPATIL	NSE:KOLTEPATIL	Realty
KONSTELEC	NSE:KONSTELEC	Construction
KONTOR	NSE:KONTOR	Commercial Services & Supplies
KOPRAN	NSE:KOPRAN	Pharmaceuticals & Biotechnology
KORE	NSE:KORE	Retailing
KOTAKBANK	NSE:KOTAKBANK	Banks
KOTARISUG	NSE:KOTARISUG	Agricultural Food & other Products
KOTHARIPET	NSE:KOTHARIPET	Chemicals & Petrochemicals
KOTHARIPRO	NSE:KOTHARIPRO	Commercial Services & Supplies
KOTYARK	NSE:KOTYARK	Petroleum Products
KOVAI	NSE:KOVAI	Healthcare Services
KPEL	NSE:KPEL	Power
KPIGREEN	NSE:KPIGREEN	Power
KPIL	NSE:KPIL	Construction
KPITTECH	NSE:KPITTECH	IT - Software
KPRMILL	NSE:KPRMILL	Textiles & Apparels
KRBL	NSE:KRBL	Agricultural Food & other Products
KREBSBIO	NSE:KREBSBIO	Pharmaceuticals & Biotechnology
KRIDHANINF	NSE:KRIDHANINF	Construction
KRISHANA	NSE:KRISHANA	Fertilizers & Agrochemicals
KRISHCA	NSE:KRISHCA	Industrial Products
KRISHIVAL	NSE:KRISHIVAL	Food Products
KRISHNADEF	NSE:KRISHNADEF	Aerospace & Defense
KRISNAFILA	NSE:KRISNAFILA	Industrial Products
KRITI	NSE:KRITI	Industrial Products
KRITIKA	NSE:KRITIKA	Industrial Products
KRITINUT	NSE:KRITINUT	Agricultural Food & other Products
KRMAYURVED	NSE:KRMAYURVED	Pharmaceuticals & Biotechnology
KRN	NSE:KRN	Industrial Products
KRONOX	NSE:KRONOX	Chemicals & Petrochemicals
KROSS	NSE:KROSS	Auto Components
KRSNAA	NSE:KRSNAA	Healthcare Services
KRT	NSE:KRT	Realty
KRYSTAL	NSE:KRYSTAL	Commercial Services & Supplies
KSB	NSE:KSB	Industrial Products
KSCL	NSE:KSCL	Agricultural Food & other Products
KSHINTL	NSE:KSHINTL	Industrial Products
KSHITIJPOL	NSE:KSHITIJPOL	Chemicals & Petrochemicals
KSL	NSE:KSL	Industrial Products
KSOLVES	NSE:KSOLVES	IT - Software
KSR	NSE:KSR	Commercial Services & Supplies
KTKBANK	NSE:KTKBANK	Banks
KUANTUM	NSE:KUANTUM	Paper, Forest & Jute Products
KWIL	NSE:KWIL	Food Products
LAGNAM	NSE:LAGNAM	Textiles & Apparels
LAKPRE	NSE:LAKPRE	Auto Components
LAKSHYA	NSE:LAKSHYA	Construction
LAL	NSE:LAL	Textiles & Apparels
LALPATHLAB	NSE:LALPATHLAB	Healthcare Services
LAMBODHARA	NSE:LAMBODHARA	Textiles & Apparels
LAMOSAIC	NSE:LAMOSAIC	Consumer Durables
LANCER	NSE:LANCER	Transport Services
LANCORHOL	NSE:LANCORHOL	Realty
LANDMARK	NSE:LANDMARK	Automobiles
LANDSMILL	NSE:LANDSMILL	Commercial Services & Supplies
LAOPALA	NSE:LAOPALA	Consumer Durables
LASA	NSE:LASA	Pharmaceuticals & Biotechnology
LATENTVIEW	NSE:LATENTVIEW	IT - Software
LATTEYS	NSE:LATTEYS	Industrial Products
LAURUSLABS	NSE:LAURUSLABS	Pharmaceuticals & Biotechnology
LAXMICOT	NSE:LAXMICOT	Textiles & Apparels
LAXMIDENTL	NSE:LAXMIDENTL	Healthcare Equipment & Supplies
LAXMIINDIA	NSE:LAXMIINDIA	Finance
LCCINFOTEC	NSE:LCCINFOTEC	Other Consumer Services
LEMERITE	NSE:LEMERITE	Textiles & Apparels
LEMONTREE	NSE:LEMONTREE	Leisure Services
LENSKART	NSE:LENSKART	Retailing
LEXUS	NSE:LEXUS	Consumer Durables
LFIC	NSE:LFIC	Finance
LGBBROSLTD	NSE:LGBBROSLTD	Auto Components
LGEINDIA	NSE:LGEINDIA	Consumer Durables
LGHL	NSE:LGHL	Consumer Durables
LIBAS	NSE:LIBAS	Textiles & Apparels
LIBERTSHOE	NSE:LIBERTSHOE	Consumer Durables
LICHSGFIN	NSE:LICHSGFIN	Finance
LICI	NSE:LICI	Insurance
LIKHITHA	NSE:LIKHITHA	Construction
LINC	NSE:LINC	Household Products
LINCOLN	NSE:LINCOLN	Pharmaceuticals & Biotechnology
LINDEINDIA	NSE:LINDEINDIA	Chemicals & Petrochemicals
LLOYDS	NSE:LLOYDS	Leisure Services
LLOYDSENGG	NSE:LLOYDSENGG	Industrial Manufacturing
LLOYDSENT	NSE:LLOYDSENT	Metals & Minerals Trading
LLOYDSME	NSE:LLOYDSME	Minerals & Mining
LMW	NSE:LMW	Industrial Manufacturing
LODHA	NSE:LODHA	Realty
LOKESHMACH	NSE:LOKESHMACH	Industrial Manufacturing
LORDSCHLO	NSE:LORDSCHLO	Chemicals & Petrochemicals
LOTUSDEV	NSE:LOTUSDEV	Realty
LOTUSEYE	NSE:LOTUSEYE	Healthcare Services
LOVABLE	NSE:LOVABLE	Textiles & Apparels
LOYALTEX	NSE:LOYALTEX	Textiles & Apparels
LPDC	NSE:LPDC	Realty
LRRPL	NSE:LRRPL	Industrial Products
LT	NSE:LT	Construction
LTF	NSE:LTF	Finance
LTFOODS	NSE:LTFOODS	Agricultural Food & other Products
LTM	NSE:LTM	IT - Software
LTTS	NSE:LTTS	IT - Services
LUMAXIND	NSE:LUMAXIND	Auto Components
LUMAXTECH	NSE:LUMAXTECH	Auto Components
LUPIN	NSE:LUPIN	Pharmaceuticals & Biotechnology
LUXIND	NSE:LUXIND	Textiles & Apparels
LXCHEM	NSE:LXCHEM	Chemicals & Petrochemicals
LYKALABS	NSE:LYKALABS	Pharmaceuticals & Biotechnology
LYPSAGEMS	NSE:LYPSAGEMS	Consumer Durables
M&M	NSE:M&M	Automobiles
M&MFIN	NSE:M&MFIN	Finance
MAANALU	NSE:MAANALU	Non - Ferrous Metals
MACOBSTECH	NSE:MACOBSTECH	Personal Products
MACPOWER	NSE:MACPOWER	Industrial Manufacturing
MADHAV	NSE:MADHAV	Consumer Durables
MADHAVBAUG	NSE:MADHAVBAUG	Healthcare Equipment & Supplies
MADHUCON	NSE:MADHUCON	Construction
MADHUSUDAN	NSE:MADHUSUDAN	Food Products
MADRASFERT	NSE:MADRASFERT	Fertilizers & Agrochemicals
MAGADSUGAR	NSE:MAGADSUGAR	Agricultural Food & other Products
MAGNUM	NSE:MAGNUM	Paper, Forest & Jute Products
MAGSON	NSE:MAGSON	Food Products
MAHABANK	NSE:MAHABANK	Banks
MAHAPEXLTD	NSE:MAHAPEXLTD	Finance
MAHASTEEL	NSE:MAHASTEEL	Industrial Products
MAHEPC	NSE:MAHEPC	Industrial Manufacturing
MAHESHWARI	NSE:MAHESHWARI	Diversified
MAHICKRA	NSE:MAHICKRA	Chemicals & Petrochemicals
MAHLIFE	NSE:MAHLIFE	Realty
MAHLOG	NSE:MAHLOG	Transport Services
MAHSCOOTER	NSE:MAHSCOOTER	Finance
MAHSEAMLES	NSE:MAHSEAMLES	Industrial Products
MAITHANALL	NSE:MAITHANALL	Ferrous Metals
MAITREYA	NSE:MAITREYA	Healthcare Services
MAKS	NSE:MAKS	Industrial Products
MAL	NSE:MAL	Industrial Products
MALLCOM	NSE:MALLCOM	Industrial Products
MALUPAPER	NSE:MALUPAPER	Paper, Forest & Jute Products
MAMATA	NSE:MAMATA	Industrial Manufacturing
MANAKALUCO	NSE:MANAKALUCO	Non - Ferrous Metals
MANAKCOAT	NSE:MANAKCOAT	Industrial Products
MANAKSIA	NSE:MANAKSIA	Industrial Products
MANAKSTEEL	NSE:MANAKSTEEL	Ferrous Metals
MANALIPETC	NSE:MANALIPETC	Chemicals & Petrochemicals
MANAPPURAM	NSE:MANAPPURAM	Finance
MANAV	NSE:MANAV	Construction
MANBA	NSE:MANBA	Finance
MANCREDIT	NSE:MANCREDIT	Finance
MANDEEP	NSE:MANDEEP	Auto Components
MANGALAM	NSE:MANGALAM	Pharmaceuticals & Biotechnology
MANGLMCEM	NSE:MANGLMCEM	Cement & Cement Products
MANILAM	NSE:MANILAM	Consumer Durables
MANINDS	NSE:MANINDS	Industrial Products
MANINFRA	NSE:MANINFRA	Construction
MANKIND	NSE:MANKIND	Pharmaceuticals & Biotechnology
MANOMAY	NSE:MANOMAY	Textiles & Apparels
MANORAMA	NSE:MANORAMA	Food Products
MANORG	NSE:MANORG	Chemicals & Petrochemicals
MANUGRAPH	NSE:MANUGRAPH	Industrial Manufacturing
MANYAVAR	NSE:MANYAVAR	Retailing
MAPMYINDIA	NSE:MAPMYINDIA	IT - Software
MARALOVER	NSE:MARALOVER	Textiles & Apparels
MARATHON	NSE:MARATHON	Realty
MARC	NSE:MARC	Commercial Services & Supplies
MARCO	NSE:MARCO	Industrial Products
MARICO	NSE:MARICO	Agricultural Food & other Products
MARINE	NSE:MARINE	Industrial Manufacturing
MARINETRAN	NSE:MARINETRAN	Transport Services
MARKOLINES	NSE:MARKOLINES	Construction
MARKSANS	NSE:MARKSANS	Pharmaceuticals & Biotechnology
MARSONS	NSE:MARSONS	Electrical Equipment
MARUSHIKA	NSE:MARUSHIKA	IT - Hardware
MARUTI	NSE:MARUTI	Automobiles
MASFIN	NSE:MASFIN	Finance
MASKINVEST	NSE:MASKINVEST	Finance
MASON	NSE:MASON	Realty
MASTEK	NSE:MASTEK	IT - Software
MASTER	NSE:MASTER	Industrial Products
MASTERTR	NSE:MASTERTR	Capital Markets
MATRIMONY	NSE:MATRIMONY	Retailing
MAWANASUG	NSE:MAWANASUG	Agricultural Food & other Products
MAXESTATES	NSE:MAXESTATES	Realty
MAXHEALTH	NSE:MAXHEALTH	Healthcare Services
MAXIND	NSE:MAXIND	Finance
MAXPOSURE	NSE:MAXPOSURE	Entertainment
MAXVOLT	NSE:MAXVOLT	Auto Components
MAYASHEEL	NSE:MAYASHEEL	Construction
MAYURUNIQ	NSE:MAYURUNIQ	Consumer Durables
MAZDA	NSE:MAZDA	Industrial Manufacturing
MAZDOCK	NSE:MAZDOCK	Industrial Manufacturing
MBAPL	NSE:MBAPL	Fertilizers & Agrochemicals
MBEL	NSE:MBEL	Construction
MBLINFRA	NSE:MBLINFRA	Construction
MCL	NSE:MCL	Industrial Products
MCLEODRUSS	NSE:MCLEODRUSS	Agricultural Food & other Products
MCLOUD	NSE:MCLOUD	IT - Software
MCON	NSE:MCON	Other Construction Materials
MCX	NSE:MCX	Capital Markets
MDL	NSE:MDL	Consumer Durables
MEDANTA	NSE:MEDANTA	Healthcare Services
MEDIASSIST	NSE:MEDIASSIST	Insurance
MEDICAMEQ	NSE:MEDICAMEQ	Pharmaceuticals & Biotechnology
MEDICO	NSE:MEDICO	Pharmaceuticals & Biotechnology
MEDIORG	NSE:MEDIORG	Pharmaceuticals & Biotechnology
MEDISTEP	NSE:MEDISTEP	Personal Products
MEDPLUS	NSE:MEDPLUS	Retailing
MEESHO	NSE:MEESHO	Retailing
MEGAFLEX	NSE:MEGAFLEX	Industrial Products
MEGASTAR	NSE:MEGASTAR	Food Products
MEGATHERM	NSE:MEGATHERM	Industrial Products
MEIL	NSE:MEIL	Electrical Equipment
MENONBE	NSE:MENONBE	Auto Components
MEP	NSE:MEP	Transport Infrastructure
METROBRAND	NSE:METROBRAND	Consumer Durables
METROPOLIS	NSE:METROPOLIS	Healthcare Services
MFML	NSE:MFML	Textiles & Apparels
MFSL	NSE:MFSL	Insurance
MGEL	NSE:MGEL	Agricultural Food & other Products
MGL	NSE:MGL	Gas
MGSL	NSE:MGSL	IT - Services
MHHL	NSE:MHHL	Healthcare Equipment & Supplies
MHLXMIRU	NSE:MHLXMIRU	Textiles & Apparels
MHRIL	NSE:MHRIL	Leisure Services
MICEL	NSE:MICEL	Industrial Products
MICROPRO	NSE:MICROPRO	IT - Software
MIDHANI	NSE:MIDHANI	Aerospace & Defense
MIDWESTLTD	NSE:MIDWESTLTD	Consumer Durables
MIEL	NSE:MIEL	Commercial Services & Supplies
MILTON	NSE:MILTON	Consumer Durables
MINDACORP	NSE:MINDACORP	Auto Components
MINDSPACE	NSE:MINDSPACE	Realty
MINDTECK	NSE:MINDTECK	IT - Software
MIRCELECTR	NSE:MIRCELECTR	Consumer Durables
MIRZAINT	NSE:MIRZAINT	Consumer Durables
MITCON	NSE:MITCON	Commercial Services & Supplies
MITTAL	NSE:MITTAL	Textiles & Apparels
MKPL	NSE:MKPL	Agricultural Food & other Products
MMEL	NSE:MMEL	Commercial Services & Supplies
MMFL	NSE:MMFL	Auto Components
MMP	NSE:MMP	Non - Ferrous Metals
MMTC	NSE:MMTC	Commercial Services & Supplies
MOBIKWIK	NSE:MOBIKWIK	Financial Technology (Fintech)
MOBILISE	NSE:MOBILISE	IT - Software
MODINATUR	NSE:MODINATUR	Agricultural Food & other Products
MODIRUBBER	NSE:MODIRUBBER	Auto Components
MODIS	NSE:MODIS	Realty
MODISONLTD	NSE:MODISONLTD	Electrical Equipment
MODTHREAD	NSE:MODTHREAD	Textiles & Apparels
MOHITIND	NSE:MOHITIND	Textiles & Apparels
MOIL	NSE:MOIL	Minerals & Mining
MOKSH	NSE:MOKSH	Consumer Durables
MOL	NSE:MOL	Fertilizers & Agrochemicals
MOLDTECH	NSE:MOLDTECH	Construction
MOLDTKPAC	NSE:MOLDTKPAC	Industrial Products
MONARCH	NSE:MONARCH	Capital Markets
MONEYBOXX	NSE:MONEYBOXX	Finance
MONOLITH	NSE:MONOLITH	Industrial Products
MONOPHARMA	NSE:MONOPHARMA	Pharmaceuticals & Biotechnology
MONTECARLO	NSE:MONTECARLO	Textiles & Apparels
MORARJEE	NSE:MORARJEE	Textiles & Apparels
MOREPENLAB	NSE:MOREPENLAB	Pharmaceuticals & Biotechnology
MOS	NSE:MOS	Financial Technology (Fintech)
MOSCHIP	NSE:MOSCHIP	IT - Hardware
MOTHERSON	NSE:MOTHERSON	Auto Components
MOTILALOFS	NSE:MOTILALOFS	Capital Markets
MOTISONS	NSE:MOTISONS	Consumer Durables
MOTOGENFIN	NSE:MOTOGENFIN	Commercial Services & Supplies
MOXSH	NSE:MOXSH	Other Consumer Services
MPEL	NSE:MPEL	Industrial Products
MPHASIS	NSE:MPHASIS	IT - Software
MPSLTD	NSE:MPSLTD	Other Consumer Services
MRF	NSE:MRF	Auto Components
MRIL	NSE:MRIL	Construction
MRPL	NSE:MRPL	Petroleum Products
MSPL	NSE:MSPL	Industrial Products
MSTCLTD	NSE:MSTCLTD	Commercial Services & Supplies
MSUMI	NSE:MSUMI	Auto Components
MTARTECH	NSE:MTARTECH	Aerospace & Defense
MTEDUCARE	NSE:MTEDUCARE	Other Consumer Services
MTNL	NSE:MTNL	Telecom - Services
MUFIN	NSE:MUFIN	Finance
MUFTI	NSE:MUFTI	Retailing
MUKANDLTD	NSE:MUKANDLTD	Ferrous Metals
MUKKA	NSE:MUKKA	Food Products
MUKTAARTS	NSE:MUKTAARTS	Entertainment
MUNISH	NSE:MUNISH	Industrial Products
MUNJALAU	NSE:MUNJALAU	Auto Components
MUNJALSHOW	NSE:MUNJALSHOW	Auto Components
MURUDCERA	NSE:MURUDCERA	Consumer Durables
MUTHOOTCAP	NSE:MUTHOOTCAP	Finance
MUTHOOTFIN	NSE:MUTHOOTFIN	Finance
MUTHOOTMF	NSE:MUTHOOTMF	Finance
MVGJL	NSE:MVGJL	Consumer Durables
MVKAGRO	NSE:MVKAGRO	Agricultural Food & other Products
MWL	NSE:MWL	Metals & Minerals Trading
MYMUDRA	NSE:MYMUDRA	Finance
NACLIND	NSE:NACLIND	Fertilizers & Agrochemicals
NAGAFERT	NSE:NAGAFERT	Fertilizers & Agrochemicals
NAGREEKCAP	NSE:NAGREEKCAP	Finance
NAGREEKEXP	NSE:NAGREEKEXP	Textiles & Apparels
NAHARCAP	NSE:NAHARCAP	Finance
NAHARINDUS	NSE:NAHARINDUS	Textiles & Apparels
NAHARPOLY	NSE:NAHARPOLY	Industrial Products
NAHARSPING	NSE:NAHARSPING	Textiles & Apparels
NAMAN	NSE:NAMAN	Consumer Durables
NAM-INDIA	NSE:NAM-INDIA	Capital Markets
NAMOEWASTE	NSE:NAMOEWASTE	Other Utilities
NARMADA	NSE:NARMADA	Food Products
NATCAPSUQ	NSE:NATCAPSUQ	Pharmaceuticals & Biotechnology
NATCOPHARM	NSE:NATCOPHARM	Pharmaceuticals & Biotechnology
NATHBIOGEN	NSE:NATHBIOGEN	Agricultural Food & other Products
NATIONALUM	NSE:NATIONALUM	Non - Ferrous Metals
NAUKRI	NSE:NAUKRI	Retailing
NAVA	NSE:NAVA	Power
NAVINFLUOR	NSE:NAVINFLUOR	Chemicals & Petrochemicals
NAVKARCORP	NSE:NAVKARCORP	Transport Services
NAVKARURB	NSE:NAVKARURB	Construction
NAVNETEDUL	NSE:NAVNETEDUL	Printing & Publication
NAZARA	NSE:NAZARA	Entertainment
NBCC	NSE:NBCC	Construction
NBIFIN	NSE:NBIFIN	Finance
NCC	NSE:NCC	Construction
NCLIND	NSE:NCLIND	Cement & Cement Products
NDGL	NSE:NDGL	Finance
NDL	NSE:NDL	Textiles & Apparels
NDLVENTURE	NSE:NDLVENTURE	Finance
NDRAUTO	NSE:NDRAUTO	Auto Components
NDRINVIT	NSE:NDRINVIT	Commercial Services & Supplies
NDTV	NSE:NDTV	Entertainment
NECCLTD	NSE:NECCLTD	Transport Services
NECLIFE	NSE:NECLIFE	Pharmaceuticals & Biotechnology
NEELAM	NSE:NEELAM	Textiles & Apparels
NELCAST	NSE:NELCAST	Industrial Products
NELCO	NSE:NELCO	IT - Hardware
NEOCHEM	NSE:NEOCHEM	Chemicals & Petrochemicals
NEOGEN	NSE:NEOGEN	Chemicals & Petrochemicals
NEPHROCARE	NSE:NEPHROCARE	Healthcare Services
NEPHROPLUS	NSE:NEPHROPLUS	Healthcare Services
NEPTUNE	NSE:NEPTUNE	Chemicals & Petrochemicals
NESCO	NSE:NESCO	Commercial Services & Supplies
NESTLEIND	NSE:NESTLEIND	Food Products
NETWEB	NSE:NETWEB	IT - Services
NETWORK18	NSE:NETWORK18	Entertainment
NEUEON	NSE:NEUEON	Electrical Equipment
NEULANDLAB	NSE:NEULANDLAB	Pharmaceuticals & Biotechnology
NEWGEN	NSE:NEWGEN	IT - Software
NEWJAISA	NSE:NEWJAISA	IT - Hardware
NEXTMEDIA	NSE:NEXTMEDIA	Entertainment
NFL	NSE:NFL	Fertilizers & Agrochemicals
NGIL	NSE:NGIL	Food Products
NGLFINE	NSE:NGLFINE	Pharmaceuticals & Biotechnology
NH	NSE:NH	Healthcare Services
NHIT	NSE:NHIT	Transport Infrastructure
NHPC	NSE:NHPC	Power
NIACL	NSE:NIACL	Insurance
NIBE	NSE:NIBE	Aerospace & Defense
NIBL	NSE:NIBL	Industrial Products
NIDAN	NSE:NIDAN	Healthcare Services
NIITLTD	NSE:NIITLTD	Other Consumer Services
NIITMTS	NSE:NIITMTS	Other Consumer Services
NIKITA	NSE:NIKITA	Paper, Forest & Jute Products
NILAINFRA	NSE:NILAINFRA	Realty
NILASPACES	NSE:NILASPACES	Realty
NILKAMAL	NSE:NILKAMAL	Consumer Durables
NIMBSPROJ	NSE:NIMBSPROJ	Realty
NINSYS	NSE:NINSYS	IT - Software
NIPPOBATRY	NSE:NIPPOBATRY	Household Products
NIRAJ	NSE:NIRAJ	Construction
NIRAJISPAT	NSE:NIRAJISPAT	Consumer Durables
NIRMAN	NSE:NIRMAN	Agricultural Food & other Products
NITCO	NSE:NITCO	Consumer Durables
NITINSPIN	NSE:NITINSPIN	Textiles & Apparels
NITIRAJ	NSE:NITIRAJ	Consumer Durables
NIVABUPA	NSE:NIVABUPA	Insurance
NKIND	NSE:NKIND	Agricultural Food & other Products
NLCINDIA	NSE:NLCINDIA	Power
NMDC	NSE:NMDC	Minerals & Mining
NMSTEEL	NSE:NMSTEEL	Industrial Products
NOCIL	NSE:NOCIL	Chemicals & Petrochemicals
NOIDATOLL	NSE:NOIDATOLL	Transport Infrastructure
NORBTEAEXP	NSE:NORBTEAEXP	Agricultural Food & other Products
NORTHARC	NSE:NORTHARC	Finance
NOVAAGRI	NSE:NOVAAGRI	Fertilizers & Agrochemicals
NOVARTIND	NSE:NOVARTIND	Pharmaceuticals & Biotechnology
NPST	NSE:NPST	IT - Services
NRAIL	NSE:NRAIL	Paper, Forest & Jute Products
NRBBEARING	NSE:NRBBEARING	Auto Components
NRL	NSE:NRL	Metals & Minerals Trading
NRVANDANA	NSE:NRVANDANA	Textiles & Apparels
NSIL	NSE:NSIL	Finance
NSLNISP	NSE:NSLNISP	Ferrous Metals
NTPC	NSE:NTPC	Power
NTPCGREEN	NSE:NTPCGREEN	Power
NUCLEUS	NSE:NUCLEUS	IT - Software
NURECA	NSE:NURECA	Healthcare Equipment & Supplies
NUVAMA	NSE:NUVAMA	Capital Markets
NUVOCO	NSE:NUVOCO	Cement & Cement Products
NXST	NSE:NXST	Realty
NYKAA	NSE:NYKAA	Retailing
OAL	NSE:OAL	Chemicals & Petrochemicals
OBCL	NSE:OBCL	Transport Services
OBEROIRLTY	NSE:OBEROIRLTY	Realty
OBSCP	NSE:OBSCP	Auto Components
OCCLLTD	NSE:OCCLLTD	Chemicals & Petrochemicals
ODIGMA	NSE:ODIGMA	IT - Services
OFSS	NSE:OFSS	IT - Software
OIL	NSE:OIL	Oil
OILCOUNTUB	NSE:OILCOUNTUB	Oil
OLAELEC	NSE:OLAELEC	Automobiles
OLECTRA	NSE:OLECTRA	Automobiles
OLIL	NSE:OLIL	Transport Services
OMAXAUTO	NSE:OMAXAUTO	Auto Components
OMAXE	NSE:OMAXE	Realty
OMFREIGHT	NSE:OMFREIGHT	Transport Services
OMFURN	NSE:OMFURN	Consumer Durables
OMINFRAL	NSE:OMINFRAL	Construction
OMKARCHEM	NSE:OMKARCHEM	Chemicals & Petrochemicals
OMNI	NSE:OMNI	Industrial Manufacturing
ONDOOR	NSE:ONDOOR	Retailing
ONELIFECAP	NSE:ONELIFECAP	Capital Markets
ONEPOINT	NSE:ONEPOINT	Commercial Services & Supplies
ONESOURCE	NSE:ONESOURCE	Pharmaceuticals & Biotechnology
ONGC	NSE:ONGC	Oil
ONMOBILE	NSE:ONMOBILE	Media
ONWARDTEC	NSE:ONWARDTEC	IT - Services
ONYX	NSE:ONYX	Pharmaceuticals & Biotechnology
OPTIEMUS	NSE:OPTIEMUS	Telecom - Equipment & Accessories
OPTIVALUE	NSE:OPTIVALUE	IT - Services
ORBTEXP	NSE:ORBTEXP	Textiles & Apparels
ORCHASP	NSE:ORCHASP	IT - Software
ORCHPHARMA	NSE:ORCHPHARMA	Pharmaceuticals & Biotechnology
ORIANA	NSE:ORIANA	Electrical Equipment
ORICONENT	NSE:ORICONENT	Industrial Products
ORIENTALTL	NSE:ORIENTALTL	Consumer Durables
ORIENTBELL	NSE:ORIENTBELL	Consumer Durables
ORIENTCEM	NSE:ORIENTCEM	Cement & Cement Products
ORIENTCER	NSE:ORIENTCER	Industrial Products
ORIENTELEC	NSE:ORIENTELEC	Consumer Durables
ORIENTHOT	NSE:ORIENTHOT	Leisure Services
ORIENTLTD	NSE:ORIENTLTD	Industrial Products
ORIENTPPR	NSE:ORIENTPPR	Paper, Forest & Jute Products
ORIENTTECH	NSE:ORIENTTECH	IT - Services
ORISSAMINE	NSE:ORISSAMINE	Minerals & Mining
ORKLAINDIA	NSE:ORKLAINDIA	Food Products
ORTEL	NSE:ORTEL	Entertainment
ORTINGLOBE	NSE:ORTINGLOBE	Pharmaceuticals & Biotechnology
OSELDEVICE	NSE:OSELDEVICE	Healthcare Equipment & Supplies
OSIAHYPER	NSE:OSIAHYPER	Retailing
OSWALAGRO	NSE:OSWALAGRO	Commercial Services & Supplies
OSWALGREEN	NSE:OSWALGREEN	Finance
OSWALPUMPS	NSE:OSWALPUMPS	Industrial Products
OSWALSEEDS	NSE:OSWALSEEDS	Agricultural Food & other Products
OWAIS	NSE:OWAIS	Ferrous Metals
PACEDIGITK	NSE:PACEDIGITK	Telecom - Services
PADMALAYAT	NSE:PADMALAYAT	Entertainment
PAGEIND	NSE:PAGEIND	Textiles & Apparels
PAISALO	NSE:PAISALO	Finance
PAKKA	NSE:PAKKA	Paper, Forest & Jute Products
PALASHSECU	NSE:PALASHSECU	Food Products
PALREDTEC	NSE:PALREDTEC	IT - Services
PANACEABIO	NSE:PANACEABIO	Pharmaceuticals & Biotechnology
PANACHE	NSE:PANACHE	IT - Services
PANAMAPET	NSE:PANAMAPET	Petroleum Products
PANSARI	NSE:PANSARI	Realty
PAR	NSE:PAR	Pharmaceuticals & Biotechnology
PARACABLES	NSE:PARACABLES	Industrial Products
PARADEEP	NSE:PARADEEP	Fertilizers & Agrochemicals
PARAGMILK	NSE:PARAGMILK	Food Products
PARAGON	NSE:PARAGON	Chemicals & Petrochemicals
PARAMATRIX	NSE:PARAMATRIX	IT - Software
PARAMOUNT	NSE:PARAMOUNT	Textiles & Apparels
PARAMPARA	NSE:PARAMPARA	Industrial Products
PARAS	NSE:PARAS	Aerospace & Defense
PARASPETRO	NSE:PARASPETRO	Finance
PARIN	NSE:PARIN	Consumer Durables
PARKHOSPS	NSE:PARKHOSPS	Healthcare Services
PARKHOTELS	NSE:PARKHOTELS	Leisure Services
PARSVNATH	NSE:PARSVNATH	Realty
PARTH	NSE:PARTH	Electrical Equipment
PARTYCRUS	NSE:PARTYCRUS	Other Consumer Services
PASHUPATI	NSE:PASHUPATI	Textiles & Apparels
PASUPTAC	NSE:PASUPTAC	Chemicals & Petrochemicals
PATANJALI	NSE:PATANJALI	Agricultural Food & other Products
PATELENG	NSE:PATELENG	Construction
PATELRMART	NSE:PATELRMART	Retailing
PATILAUTOM	NSE:PATILAUTOM	Industrial Manufacturing
PATINTLOG	NSE:PATINTLOG	Transport Services
PATTECH	NSE:PATTECH	Industrial Products
PAUSHAKLTD	NSE:PAUSHAKLTD	Chemicals & Petrochemicals
PAVNAIND	NSE:PAVNAIND	Auto Components
PAYTM	NSE:PAYTM	Financial Technology (Fintech)
PCBL	NSE:PCBL	Chemicals & Petrochemicals
PCCL	NSE:PCCL	Minerals & Mining
PCJEWELLER	NSE:PCJEWELLER	Consumer Durables
PDMJEPAPER	NSE:PDMJEPAPER	Paper, Forest & Jute Products
PDSL	NSE:PDSL	Textiles & Apparels
PEARLPOLY	NSE:PEARLPOLY	Consumer Durables
PELATRO	NSE:PELATRO	Media
PENIND	NSE:PENIND	Industrial Manufacturing
PENINLAND	NSE:PENINLAND	Realty
PENTAGON	NSE:PENTAGON	Industrial Products
PERFECT	NSE:PERFECT	Electrical Equipment
PERSISTENT	NSE:PERSISTENT	IT - Software
PETRONET	NSE:PETRONET	Gas
PFC	NSE:PFC	Finance
PFIZER	NSE:PFIZER	Pharmaceuticals & Biotechnology
PFOCUS	NSE:PFOCUS	Entertainment
PFS	NSE:PFS	Finance
PGEL	NSE:PGEL	Consumer Durables
PGHH	NSE:PGHH	Personal Products
PGHL	NSE:PGHL	Pharmaceuticals & Biotechnology
PGIL	NSE:PGIL	Textiles & Apparels
PGINVIT	NSE:PGINVIT	Power
PHANTOMFX	NSE:PHANTOMFX	Entertainment
PHOENIXLTD	NSE:PHOENIXLTD	Realty
PHOGLOBAL	NSE:PHOGLOBAL	Commercial Services & Supplies
PICCADIL	NSE:PICCADIL	Beverages
PIDILITIND	NSE:PIDILITIND	Chemicals & Petrochemicals
PIGL	NSE:PIGL	Electrical Equipment
PIIND	NSE:PIIND	Fertilizers & Agrochemicals
PILANIINVS	NSE:PILANIINVS	Finance
PILITA	NSE:PILITA	Consumer Durables
PINELABS	NSE:PINELABS	Financial Technology (Fintech)
PIONEEREMB	NSE:PIONEEREMB	Textiles & Apparels
PIRAMALFIN	NSE:PIRAMALFIN	Finance
PITTIENG	NSE:PITTIENG	Industrial Manufacturing
PIXTRANS	NSE:PIXTRANS	Industrial Products
PKTEA	NSE:PKTEA	Agricultural Food & other Products
PLADAINFO	NSE:PLADAINFO	Commercial Services & Supplies
PLASTIBLEN	NSE:PLASTIBLEN	Chemicals & Petrochemicals
PLATIND	NSE:PLATIND	Chemicals & Petrochemicals
PLAZACABLE	NSE:PLAZACABLE	Industrial Products
PNB	NSE:PNB	Banks
PNBGILTS	NSE:PNBGILTS	Finance
PNBHOUSING	NSE:PNBHOUSING	Finance
PNC	NSE:PNC	Entertainment
PNCINFRA	NSE:PNCINFRA	Construction
PNGJL	NSE:PNGJL	Consumer Durables
PNGSREVA	NSE:PNGSREVA	Consumer Durables
POCL	NSE:POCL	Diversified Metals
PODDARMENT	NSE:PODDARMENT	Chemicals & Petrochemicals
POKARNA	NSE:POKARNA	Consumer Durables
POLICYBZR	NSE:POLICYBZR	Financial Technology (Fintech)
POLYCAB	NSE:POLYCAB	Industrial Products
POLYMED	NSE:POLYMED	Healthcare Equipment & Supplies
POLYPLEX	NSE:POLYPLEX	Industrial Products
POLYSIL	NSE:POLYSIL	Industrial Products
PONNIERODE	NSE:PONNIERODE	Agricultural Food & other Products
POONAWALLA	NSE:POONAWALLA	Finance
POSITRON	NSE:POSITRON	Commercial Services & Supplies
POWERGRID	NSE:POWERGRID	Power
POWERICA	NSE:POWERICA	Electrical Equipment
POWERINDIA	NSE:POWERINDIA	Electrical Equipment
POWERMECH	NSE:POWERMECH	Construction
PPAP	NSE:PPAP	Auto Components
PPL	NSE:PPL	Industrial Products
PPLPHARMA	NSE:PPLPHARMA	Pharmaceuticals & Biotechnology
PPSL	NSE:PPSL	Entertainment
PRABHA	NSE:PRABHA	Oil
PRAENG	NSE:PRAENG	Realty
PRAJIND	NSE:PRAJIND	Industrial Manufacturing
PRAKASH	NSE:PRAKASH	Ferrous Metals
PRAKASHSTL	NSE:PRAKASHSTL	Industrial Products
PRAMARA	NSE:PRAMARA	Media
PRANIK	NSE:PRANIK	Transport Services
PRATHAM	NSE:PRATHAM	Construction
PRAXIS	NSE:PRAXIS	Retailing
PRECAM	NSE:PRECAM	Auto Components
PRECISION	NSE:PRECISION	Auto Components
PRECOT	NSE:PRECOT	Textiles & Apparels
PRECWIRE	NSE:PRECWIRE	Industrial Products
PREMEXPLN	NSE:PREMEXPLN	Chemicals & Petrochemicals
PREMIER	NSE:PREMIER	Industrial Manufacturing
PREMIERENE	NSE:PREMIERENE	Electrical Equipment
PREMIERPOL	NSE:PREMIERPOL	Industrial Products
PREMIUM	NSE:PREMIUM	Auto Components
PRESSTONIC	NSE:PRESSTONIC	Industrial Manufacturing
PRESTIGE	NSE:PRESTIGE	Realty
PRICOLLTD	NSE:PRICOLLTD	Auto Components
PRIMECAB	NSE:PRIMECAB	Industrial Products
PRIMESECU	NSE:PRIMESECU	Finance
PRIMO	NSE:PRIMO	Chemicals & Petrochemicals
PRINCEPIPE	NSE:PRINCEPIPE	Industrial Products
PRITI	NSE:PRITI	Consumer Durables
PRITIKA	NSE:PRITIKA	Auto Components
PRITIKAUTO	NSE:PRITIKAUTO	Auto Components
PRIVISCL	NSE:PRIVISCL	Chemicals & Petrochemicals
PRIZOR	NSE:PRIZOR	Industrial Manufacturing
PRLIND	NSE:PRLIND	Transport Services
PROFX	NSE:PROFX	Consumer Durables
PROLIFE	NSE:PROLIFE	Chemicals & Petrochemicals
PROPEQUITY	NSE:PROPEQUITY	Realty
PROSTARM	NSE:PROSTARM	Electrical Equipment
PROTEAN	NSE:PROTEAN	IT - Services
PROV	NSE:PROV	Food Products
PROZONER	NSE:PROZONER	Realty
PRSMJOHNSN	NSE:PRSMJOHNSN	Cement & Cement Products
PRUDENT	NSE:PRUDENT	Capital Markets
PRUDMOULI	NSE:PRUDMOULI	Agricultural Food & other Products
PSB	NSE:PSB	Banks
PSFL	NSE:PSFL	Industrial Products
PSPPROJECT	NSE:PSPPROJECT	Construction
PSRAJ	NSE:PSRAJ	Industrial Products
PTC	NSE:PTC	Power
PTCIL	NSE:PTCIL	Industrial Products
PTL	NSE:PTL	Commercial Services & Supplies
PULZ	NSE:PULZ	Consumer Durables
PUNJABCHEM	NSE:PUNJABCHEM	Fertilizers & Agrochemicals
PURPLEUTED	NSE:PURPLEUTED	Textiles & Apparels
PURVA	NSE:PURVA	Realty
PURVFLEXI	NSE:PURVFLEXI	Industrial Products
PUSHPA	NSE:PUSHPA	Consumer Durables
PVP	NSE:PVP	Realty
PVRINOX	NSE:PVRINOX	Entertainment
PVSL	NSE:PVSL	Automobiles
PWL	NSE:PWL	Other Consumer Services
PYRAMID	NSE:PYRAMID	Industrial Products
QFIL	NSE:QFIL	Industrial Products
QMSMEDI	NSE:QMSMEDI	Healthcare Equipment & Supplies
QPOWER	NSE:QPOWER	Electrical Equipment
QUADFUTURE	NSE:QUADFUTURE	Industrial Products
QUADPRO	NSE:QUADPRO	IT - Services
QUESS	NSE:QUESS	Commercial Services & Supplies
QUESTLAB	NSE:QUESTLAB	Pharmaceuticals & Biotechnology
QUICKHEAL	NSE:QUICKHEAL	IT - Software
QUICKTOUCH	NSE:QUICKTOUCH	IT - Software
QUINTEGRA	NSE:QUINTEGRA	IT - Software
QVCEL	NSE:QVCEL	Ferrous Metals
RACE	NSE:RACE	Other Utilities
RACLGEAR	NSE:RACLGEAR	Auto Components
RADAAN	NSE:RADAAN	Entertainment
RADHIKAJWE	NSE:RADHIKAJWE	Consumer Durables
RADIANTCMS	NSE:RADIANTCMS	Commercial Services & Supplies
RADICO	NSE:RADICO	Beverages
RADIOCITY	NSE:RADIOCITY	Entertainment
RADIOWALLA	NSE:RADIOWALLA	Entertainment
RAILTEL	NSE:RAILTEL	Telecom - Services
RAIN	NSE:RAIN	Chemicals & Petrochemicals
RAINBOW	NSE:RAINBOW	Healthcare Services
RAJASPETRO	NSE:RAJASPETRO	Textiles & Apparels
RAJESHEXPO	NSE:RAJESHEXPO	Consumer Durables
RAJINDLTD	NSE:RAJINDLTD	Industrial Products
RAJMET	NSE:RAJMET	Industrial Products
RAJOOENG	NSE:RAJOOENG	Industrial Manufacturing
RAJPUTANA	NSE:RAJPUTANA	Chemicals & Petrochemicals
RAJRATAN	NSE:RAJRATAN	Auto Components
RAJRILTD	NSE:RAJRILTD	Textiles & Apparels
RAJSREESUG	NSE:RAJSREESUG	Agricultural Food & other Products
RAJTV	NSE:RAJTV	Entertainment
RAJVIR	NSE:RAJVIR	Textiles & Apparels
RALLIS	NSE:RALLIS	Fertilizers & Agrochemicals
RAMANEWS	NSE:RAMANEWS	Paper, Forest & Jute Products
RAMAPHO	NSE:RAMAPHO	Fertilizers & Agrochemicals
RAMASTEEL	NSE:RAMASTEEL	Industrial Products
RAMCOCEM	NSE:RAMCOCEM	Cement & Cement Products
RAMCOIND	NSE:RAMCOIND	Other Construction Materials
RAMCOSYS	NSE:RAMCOSYS	IT - Software
RAMGOPOLY	NSE:RAMGOPOLY	Commercial Services & Supplies
RAMKY	NSE:RAMKY	Construction
RAMRAT	NSE:RAMRAT	Electrical Equipment
RANASUG	NSE:RANASUG	Agricultural Food & other Products
RANEHOLDIN	NSE:RANEHOLDIN	Finance
RAPIDFLEET	NSE:RAPIDFLEET	Transport Services
RAPPID	NSE:RAPPID	Industrial Products
RATEGAIN	NSE:RATEGAIN	IT - Software
RATNAMANI	NSE:RATNAMANI	Industrial Products
RATNAVEER	NSE:RATNAVEER	Industrial Products
RAYMOND	NSE:RAYMOND	Realty
RAYMONDLSL	NSE:RAYMONDLSL	Textiles & Apparels
RAYMONDREL	NSE:RAYMONDREL	Realty
RBA	NSE:RBA	Leisure Services
RBLBANK	NSE:RBLBANK	Banks
RBMINFRA	NSE:RBMINFRA	Commercial Services & Supplies
RBS	NSE:RBS	Agricultural Food & other Products
RBZJEWEL	NSE:RBZJEWEL	Consumer Durables
RCDL	NSE:RCDL	Agricultural Food & other Products
RCF	NSE:RCF	Fertilizers & Agrochemicals
RCOM	NSE:RCOM	Telecom - Services
READYMIX	NSE:READYMIX	Construction
RECLTD	NSE:RECLTD	Finance
REDINGTON	NSE:REDINGTON	Commercial Services & Supplies
REDTAPE	NSE:REDTAPE	Consumer Durables
REFEX	NSE:REFEX	Chemicals & Petrochemicals
REFRACTORY	NSE:REFRACTORY	Industrial Products
REGAAL	NSE:REGAAL	Agricultural Food & other Products
REGENCERAM	NSE:REGENCERAM	Consumer Durables
RELAXO	NSE:RELAXO	Consumer Durables
RELCHEMQ	NSE:RELCHEMQ	Textiles & Apparels
RELIABLE	NSE:RELIABLE	Finance
RELIANCE	NSE:RELIANCE	Petroleum Products
RELIGARE	NSE:RELIGARE	Finance
RELINFRA	NSE:RELINFRA	Power
RELTD	NSE:RELTD	Electrical Equipment
REMSONSIND	NSE:REMSONSIND	Auto Components
REMUS	NSE:REMUS	Pharmaceuticals & Biotechnology
RENUKA	NSE:RENUKA	Agricultural Food & other Products
REPCOHOME	NSE:REPCOHOME	Finance
REPL	NSE:REPL	Construction
REPRO	NSE:REPRO	Printing & Publication
RESPONIND	NSE:RESPONIND	Consumer Durables
RETAIL	NSE:RETAIL	Retailing
REXPIPES	NSE:REXPIPES	Industrial Products
REXPRO	NSE:REXPRO	Consumer Durables
RGL	NSE:RGL	Consumer Durables
RHETAN	NSE:RHETAN	Industrial Products
RHFL	NSE:RHFL	Finance
RHIM	NSE:RHIM	Industrial Products
RHL	NSE:RHL	Leisure Services
RICHA	NSE:RICHA	IT - Hardware
RICOAUTO	NSE:RICOAUTO	Auto Components
RIIL	NSE:RIIL	Transport Services
RIIT	NSE:RIIT	Transport Infrastructure
RILINFRA	NSE:RILINFRA	Construction
RISHABH	NSE:RISHABH	Electrical Equipment
RITCO	NSE:RITCO	Transport Services
RITES	NSE:RITES	Construction
RITEZONE	NSE:RITEZONE	Chemicals & Petrochemicals
RKDL	NSE:RKDL	Beverages
RKEC	NSE:RKEC	Construction
RKFORGE	NSE:RKFORGE	Auto Components
RKSWAMY	NSE:RKSWAMY	Media
RMC	NSE:RMC	Electrical Equipment
RMDRIP	NSE:RMDRIP	Industrial Products
RML	NSE:RML	Auto Components
RNBDENIMS	NSE:RNBDENIMS	Textiles & Apparels
RNFI	NSE:RNFI	Finance
RNPL	NSE:RNPL	Chemicals & Petrochemicals
ROADSTAR	NSE:ROADSTAR	Transport Infrastructure
ROCKINGDCE	NSE:ROCKINGDCE	Commercial Services & Supplies
ROHLTD	NSE:ROHLTD	Leisure Services
ROLEXRINGS	NSE:ROLEXRINGS	Auto Components
ROLLT	NSE:ROLLT	Industrial Products
ROML	NSE:ROML	Agricultural Food & other Products
ROSSARI	NSE:ROSSARI	Chemicals & Petrochemicals
ROSSELLIND	NSE:ROSSELLIND	Agricultural Food & other Products
ROSSTECH	NSE:ROSSTECH	Aerospace & Defense
ROTO	NSE:ROTO	Industrial Products
ROUTE	NSE:ROUTE	Telecom - Services
ROXHITECH	NSE:ROXHITECH	IT - Services
ROYALARC	NSE:ROYALARC	Industrial Products
RPEL	NSE:RPEL	Industrial Products
RPGLIFE	NSE:RPGLIFE	Pharmaceuticals & Biotechnology
RPOWER	NSE:RPOWER	Power
RPPINFRA	NSE:RPPINFRA	Construction
RPPL	NSE:RPPL	Industrial Products
RPSGVENT	NSE:RPSGVENT	Commercial Services & Supplies
RPTECH	NSE:RPTECH	IT - Hardware
RRKABEL	NSE:RRKABEL	Industrial Products
RSL	NSE:RSL	Industrial Products
RSSOFTWARE	NSE:RSSOFTWARE	IT - Software
RSWM	NSE:RSWM	Textiles & Apparels
RSYSTEMS	NSE:RSYSTEMS	IT - Services
RTL	NSE:RTL	Telecom - Services
RTNINDIA	NSE:RTNINDIA	Retailing
RTNPOWER	NSE:RTNPOWER	Power
RUBFILA	NSE:RUBFILA	Industrial Products
RUBICON	NSE:RUBICON	Pharmaceuticals & Biotechnology
RUBYMILLS	NSE:RUBYMILLS	Textiles & Apparels
RUCHINFRA	NSE:RUCHINFRA	Commercial Services & Supplies
RUCHIRA	NSE:RUCHIRA	Paper, Forest & Jute Products
RUDRA	NSE:RUDRA	Industrial Products
RULKA	NSE:RULKA	Construction
RUPA	NSE:RUPA	Textiles & Apparels
RUSHIL	NSE:RUSHIL	Consumer Durables
RUSTOMJEE	NSE:RUSTOMJEE	Realty
RVHL	NSE:RVHL	Realty
RVNL	NSE:RVNL	Construction
RVTH	NSE:RVTH	Industrial Manufacturing
S&SPOWER	NSE:S&SPOWER	Electrical Equipment
SAAKSHI	NSE:SAAKSHI	Electrical Equipment
SAATVIKGL	NSE:SAATVIKGL	Electrical Equipment
SABAR	NSE:SABAR	Industrial Products
SABEVENTS	NSE:SABEVENTS	Media
SACHEEROME	NSE:SACHEEROME	Chemicals & Petrochemicals
SADBHAV	NSE:SADBHAV	Construction
SADBHIN	NSE:SADBHIN	Construction
SADHAV	NSE:SADHAV	Transport Services
SADHNANIQ	NSE:SADHNANIQ	Chemicals & Petrochemicals
SAFARI	NSE:SAFARI	Consumer Durables
SAFEENTP	NSE:SAFEENTP	Consumer Durables
SAGARDEEP	NSE:SAGARDEEP	Industrial Products
SAGCEM	NSE:SAGCEM	Cement & Cement Products
SAGILITY	NSE:SAGILITY	IT - Services
SAHAJ	NSE:SAHAJ	Textiles & Apparels
SAHAJSOLAR	NSE:SAHAJSOLAR	Electrical Equipment
SAHANA	NSE:SAHANA	IT - Services
SAHASRA	NSE:SAHASRA	Industrial Products
SAHLIBHFI	NSE:SAHLIBHFI	Finance
SAHYADRI	NSE:SAHYADRI	Other Construction Materials
SAIFL	NSE:SAIFL	Agricultural Food & other Products
SAIL	NSE:SAIL	Ferrous Metals
SAILIFE	NSE:SAILIFE	Pharmaceuticals & Biotechnology
SAIPARENT	NSE:SAIPARENT	Pharmaceuticals & Biotechnology
SAJHOTELS	NSE:SAJHOTELS	Leisure Services
SAKAR	NSE:SAKAR	Pharmaceuticals & Biotechnology
SAKHTISUG	NSE:SAKHTISUG	Agricultural Food & other Products
SAKSOFT	NSE:SAKSOFT	IT - Software
SAKUMA	NSE:SAKUMA	Commercial Services & Supplies
SALASAR	NSE:SALASAR	Industrial Manufacturing
SALONA	NSE:SALONA	Textiles & Apparels
SALSTEEL	NSE:SALSTEEL	Ferrous Metals
SALZERELEC	NSE:SALZERELEC	Electrical Equipment
SAMAY	NSE:SAMAY	Construction
SAMBHAAV	NSE:SAMBHAAV	Media
SAMBHV	NSE:SAMBHV	Industrial Products
SAMHI	NSE:SAMHI	Leisure Services
SAMMAANCAP	NSE:SAMMAANCAP	Finance
SAMPANN	NSE:SAMPANN	Industrial Products
SANATHAN	NSE:SANATHAN	Textiles & Apparels
SANCO	NSE:SANCO	Industrial Products
SANDESH	NSE:SANDESH	Media
SANDHAR	NSE:SANDHAR	Auto Components
SANDUMA	NSE:SANDUMA	Consumable Fuels
SANGAMIND	NSE:SANGAMIND	Textiles & Apparels
SANGANI	NSE:SANGANI	Healthcare Services
SANGHIIND	NSE:SANGHIIND	Cement & Cement Products
SANGHVIMOV	NSE:SANGHVIMOV	Commercial Services & Supplies
SANGINITA	NSE:SANGINITA	Chemicals & Petrochemicals
SANOFI	NSE:SANOFI	Pharmaceuticals & Biotechnology
SANOFICONR	NSE:SANOFICONR	Pharmaceuticals & Biotechnology
SANSERA	NSE:SANSERA	Auto Components
SANSTAR	NSE:SANSTAR	Agricultural Food & other Products
SANWARIA	NSE:SANWARIA	Food Products
SAPPHIRE	NSE:SAPPHIRE	Leisure Services
SARDAEN	NSE:SARDAEN	Ferrous Metals
SAREGAMA	NSE:SAREGAMA	Entertainment
SARLAPOLY	NSE:SARLAPOLY	Textiles & Apparels
SAROJA	NSE:SAROJA	Chemicals & Petrochemicals
SARTELE	NSE:SARTELE	Telecom - Services
SARVESHWAR	NSE:SARVESHWAR	Agricultural Food & other Products
SASKEN	NSE:SASKEN	IT - Services
SASTASUNDR	NSE:SASTASUNDR	Healthcare Services
SATECH	NSE:SATECH	IT - Software
SATIA	NSE:SATIA	Paper, Forest & Jute Products
SATIN	NSE:SATIN	Finance
SATIPOLY	NSE:SATIPOLY	Industrial Products
SATKARTAR	NSE:SATKARTAR	Pharmaceuticals & Biotechnology
SATTVAENGG	NSE:SATTVAENGG	Other Utilities
SAURASHCEM	NSE:SAURASHCEM	Cement & Cement Products
SAVY	NSE:SAVY	Construction
SAWALIYA	NSE:SAWALIYA	Agricultural Food & other Products
SBC	NSE:SBC	Textiles & Apparels
SBCL	NSE:SBCL	Industrial Products
SBFC	NSE:SBFC	Finance
SBGLP	NSE:SBGLP	Realty
SBICARD	NSE:SBICARD	Finance
SBILIFE	NSE:SBILIFE	Insurance
SBIN	NSE:SBIN	Banks
SCHAEFFLER	NSE:SCHAEFFLER	Auto Components
SCHAND	NSE:SCHAND	Printing & Publication
SCHNEIDER	NSE:SCHNEIDER	Electrical Equipment
SCI	NSE:SCI	Transport Services
SCILAL	NSE:SCILAL	Finance
SCML	NSE:SCML	Industrial Products
SCODATUBES	NSE:SCODATUBES	Industrial Products
SCPL	NSE:SCPL	Food Products
SDBL	NSE:SDBL	Beverages
SDREAMS	NSE:SDREAMS	Textiles & Apparels
SEAMECLTD	NSE:SEAMECLTD	Transport Services
SECL	NSE:SECL	Construction
SECMARK	NSE:SECMARK	IT - Software
SECURKLOUD	NSE:SECURKLOUD	IT - Services
SEDEMAC	NSE:SEDEMAC	Auto Components
SEITINVIT	NSE:SEITINVIT	Power
SEJALLTD	NSE:SEJALLTD	Industrial Products
SEL	NSE:SEL	Electrical Equipment
SELLOWRAP	NSE:SELLOWRAP	Auto Components
SELMC	NSE:SELMC	Textiles & Apparels
SEMAC	NSE:SEMAC	Construction
SENCO	NSE:SENCO	Consumer Durables
SENORES	NSE:SENORES	Pharmaceuticals & Biotechnology
SEPC	NSE:SEPC	Construction
SERVICE	NSE:SERVICE	Commercial Services & Supplies
SERVOTECH	NSE:SERVOTECH	Electrical Equipment
SESHAPAPER	NSE:SESHAPAPER	Paper, Forest & Jute Products
SETCO	NSE:SETCO	Auto Components
SETL	NSE:SETL	Industrial Manufacturing
SETUINFRA	NSE:SETUINFRA	Construction
SEYAIND	NSE:SEYAIND	Chemicals & Petrochemicals
SFL	NSE:SFL	Consumer Durables
SFML	NSE:SFML	Commercial Services & Supplies
SGFIN	NSE:SGFIN	Finance
SGIL	NSE:SGIL	Industrial Products
SGL	NSE:SGL	Textiles & Apparels
SGMART	NSE:SGMART	Metals & Minerals Trading
SHADOWFAX	NSE:SHADOWFAX	Transport Services
SHAH	NSE:SHAH	Industrial Products
SHAHALLOYS	NSE:SHAHALLOYS	Industrial Products
SHAILY	NSE:SHAILY	Industrial Products
SHAIVAL	NSE:SHAIVAL	Commercial Services & Supplies
SHAKTIPUMP	NSE:SHAKTIPUMP	Industrial Products
SHALBY	NSE:SHALBY	Healthcare Services
SHALPAINTS	NSE:SHALPAINTS	Consumer Durables
SHANKARA	NSE:SHANKARA	Retailing
SHANTHALA	NSE:SHANTHALA	Cigarettes & Tobacco Products
SHANTI	NSE:SHANTI	Agricultural Food & other Products
SHANTIGEAR	NSE:SHANTIGEAR	Industrial Manufacturing
SHANTIGOLD	NSE:SHANTIGOLD	Consumer Durables
SHARDACROP	NSE:SHARDACROP	Fertilizers & Agrochemicals
SHARDAMOTR	NSE:SHARDAMOTR	Auto Components
SHAREINDIA	NSE:SHAREINDIA	Capital Markets
SHEEL	NSE:SHEEL	Commercial Services & Supplies
SHEETAL	NSE:SHEETAL	Agricultural Food & other Products
SHEKHAWATI	NSE:SHEKHAWATI	Textiles & Apparels
SHEMAROO	NSE:SHEMAROO	Entertainment
SHERA	NSE:SHERA	Industrial Products
SHETHJI	NSE:SHETHJI	Agricultural Food & other Products
SHIGAN	NSE:SHIGAN	Auto Components
SHILCTECH	NSE:SHILCTECH	Electrical Equipment
SHILPAMED	NSE:SHILPAMED	Pharmaceuticals & Biotechnology
SHIVALIK	NSE:SHIVALIK	Fertilizers & Agrochemicals
SHIVAMAUTO	NSE:SHIVAMAUTO	Auto Components
SHIVAMILLS	NSE:SHIVAMILLS	Textiles & Apparels
SHIVASHRIT	NSE:SHIVASHRIT	Food Products
SHIVATEX	NSE:SHIVATEX	Textiles & Apparels
SHIVAUM	NSE:SHIVAUM	Commercial Services & Supplies
SHK	NSE:SHK	Chemicals & Petrochemicals
SHKSIL	NSE:SHKSIL	Ferrous Metals
SHOPERSTOP	NSE:SHOPERSTOP	Retailing
SHRADHA	NSE:SHRADHA	Realty
SHREDIGCEM	NSE:SHREDIGCEM	Cement & Cement Products
SHREECEM	NSE:SHREECEM	Cement & Cement Products
SHREEJISPG	NSE:SHREEJISPG	Transport Services
SHREEKARNI	NSE:SHREEKARNI	Textiles & Apparels
SHREEOSFM	NSE:SHREEOSFM	Transport Services
SHREEPUSHK	NSE:SHREEPUSHK	Chemicals & Petrochemicals
SHREERAMA	NSE:SHREERAMA	Industrial Products
SHREMINVIT	NSE:SHREMINVIT	Construction
SHRENIK	NSE:SHRENIK	Paper, Forest & Jute Products
SHREYANIND	NSE:SHREYANIND	Paper, Forest & Jute Products
SHRIAHIMSA	NSE:SHRIAHIMSA	Food Products
SHRIKANHA	NSE:SHRIKANHA	Industrial Products
SHRINGARMS	NSE:SHRINGARMS	Consumer Durables
SHRIPISTON	NSE:SHRIPISTON	Auto Components
SHRIRAMFIN	NSE:SHRIRAMFIN	Finance
SHRIRAMPPS	NSE:SHRIRAMPPS	Realty
SHRITECH	NSE:SHRITECH	Industrial Products
SHUBHLAXMI	NSE:SHUBHLAXMI	Consumer Durables
SHUBHSHREE	NSE:SHUBHSHREE	Industrial Products
SHYAMCENT	NSE:SHYAMCENT	Ferrous Metals
SHYAMDHANI	NSE:SHYAMDHANI	Food Products
SHYAMMETL	NSE:SHYAMMETL	Industrial Products
SHYAMTEL	NSE:SHYAMTEL	Commercial Services & Supplies
SICALLOG	NSE:SICALLOG	Transport Services
SIDDHICOTS	NSE:SIDDHICOTS	Textiles & Apparels
SIDDHIKA	NSE:SIDDHIKA	Consumer Durables
SIEMENS	NSE:SIEMENS	Electrical Equipment
SIGACHI	NSE:SIGACHI	Pharmaceuticals & Biotechnology
SIGIND	NSE:SIGIND	Commercial Services & Supplies
SIGMA	NSE:SIGMA	IT - Services
SIGMAADV	NSE:SIGMAADV	Aerospace & Defense
SIGNATURE	NSE:SIGNATURE	Realty
SIGNORIA	NSE:SIGNORIA	Textiles & Apparels
SIGNPOST	NSE:SIGNPOST	Media
SIKKO	NSE:SIKKO	Fertilizers & Agrochemicals
SIL	NSE:SIL	Realty
SILGO	NSE:SILGO	Consumer Durables
SILINV	NSE:SILINV	Finance
SILKFLEX	NSE:SILKFLEX	Chemicals & Petrochemicals
SILKY	NSE:SILKY	Textiles & Apparels
SILLYMONKS	NSE:SILLYMONKS	Entertainment
SILVERTUC	NSE:SILVERTUC	IT - Software
SIMBHALS	NSE:SIMBHALS	Agricultural Food & other Products
SIMPLEXINF	NSE:SIMPLEXINF	Construction
SINCLAIR	NSE:SINCLAIR	Leisure Services
SINDHUTRAD	NSE:SINDHUTRAD	Transport Services
SINGERIND	NSE:SINGERIND	Consumer Durables
SINTERCOM	NSE:SINTERCOM	Auto Components
SIRCA	NSE:SIRCA	Consumer Durables
SIS	NSE:SIS	Other Consumer Services
SITINET	NSE:SITINET	Entertainment
SIYSIL	NSE:SIYSIL	Textiles & Apparels
SJLOGISTIC	NSE:SJLOGISTIC	Transport Services
SJS	NSE:SJS	Auto Components
SJVN	NSE:SJVN	Power
SKFINDIA	NSE:SKFINDIA	Industrial Products
SKFINDUS	NSE:SKFINDUS	Industrial Products
SKIL	NSE:SKIL	Construction
SKIPPER	NSE:SKIPPER	Electrical Equipment
SKMEGGPROD	NSE:SKMEGGPROD	Food Products
SKP	NSE:SKP	Industrial Products
SKYGOLD	NSE:SKYGOLD	Consumer Durables
SLONE	NSE:SLONE	IT - Hardware
SMARTEN	NSE:SMARTEN	Electrical Equipment
SMARTLINK	NSE:SMARTLINK	IT - Hardware
SMARTWORKS	NSE:SMARTWORKS	Commercial Services & Supplies
SMCGLOBAL	NSE:SMCGLOBAL	Capital Markets
SMLMAH	NSE:SMLMAH	Agricultural, Commercial & Construction Vehicles
SMLT	NSE:SMLT	Industrial Products
SMSPHARMA	NSE:SMSPHARMA	Pharmaceuticals & Biotechnology
SMVD	NSE:SMVD	Industrial Products
SNEHAA	NSE:SNEHAA	Chemicals & Petrochemicals
SNOWMAN	NSE:SNOWMAN	Transport Services
SOBHA	NSE:SOBHA	Realty
SOCL	NSE:SOCL	Petroleum Products
SOFTTECH	NSE:SOFTTECH	IT - Software
SOLARA	NSE:SOLARA	Pharmaceuticals & Biotechnology
SOLARINDS	NSE:SOLARINDS	Chemicals & Petrochemicals
SOLARWORLD	NSE:SOLARWORLD	Construction
SOLEX	NSE:SOLEX	Electrical Equipment
SOMANYCERA	NSE:SOMANYCERA	Consumer Durables
SOMATEX	NSE:SOMATEX	Textiles & Apparels
SOMICONVEY	NSE:SOMICONVEY	Industrial Manufacturing
SONACOMS	NSE:SONACOMS	Auto Components
SONAMAC	NSE:SONAMAC	Industrial Manufacturing
SONAMLTD	NSE:SONAMLTD	Consumer Durables
SONATSOFTW	NSE:SONATSOFTW	IT - Software
SONUINFRA	NSE:SONUINFRA	Construction
SOTAC	NSE:SOTAC	Pharmaceuticals & Biotechnology
SOTL	NSE:SOTL	Petroleum Products
SOUTHBANK	NSE:SOUTHBANK	Banks
SOUTHWEST	NSE:SOUTHWEST	Commercial Services & Supplies
SPAL	NSE:SPAL	Textiles & Apparels
SPANDANA	NSE:SPANDANA	Finance
SPARC	NSE:SPARC	Pharmaceuticals & Biotechnology
SPCENET	NSE:SPCENET	Commercial Services & Supplies
SPCL	NSE:SPCL	Electrical Equipment
SPCON	NSE:SPCON	Construction
SPEB	NSE:SPEB	Chemicals & Petrochemicals
SPECIALITY	NSE:SPECIALITY	Leisure Services
SPECTRUM	NSE:SPECTRUM	Industrial Manufacturing
SPECTSTM	NSE:SPECTSTM	Commercial Services & Supplies
SPENCERS	NSE:SPENCERS	Retailing
SPIC	NSE:SPIC	Fertilizers & Agrochemicals
SPICEJET	NSE:SPICEJET	Transport Services
SPLIL	NSE:SPLIL	Textiles & Apparels
SPLPETRO	NSE:SPLPETRO	Chemicals & Petrochemicals
SPMLINFRA	NSE:SPMLINFRA	Construction
SPORTKING	NSE:SPORTKING	Textiles & Apparels
SPPPOLY	NSE:SPPPOLY	Industrial Products
SPRL	NSE:SPRL	Industrial Products
SPUNWEB	NSE:SPUNWEB	Textiles & Apparels
SRD	NSE:SRD	Chemicals & Petrochemicals
SREEL	NSE:SREEL	Consumer Durables
SRF	NSE:SRF	Chemicals & Petrochemicals
SRGHFL	NSE:SRGHFL	Finance
SRHHYPOLTD	NSE:SRHHYPOLTD	Chemicals & Petrochemicals
SRIVASAVI	NSE:SRIVASAVI	Industrial Products
SRM	NSE:SRM	Construction
SRPL	NSE:SRPL	Agricultural Food & other Products
SRTL	NSE:SRTL	Textiles & Apparels
SSDL	NSE:SSDL	Textiles & Apparels
SSEGL	NSE:SSEGL	Construction
SSFL	NSE:SSFL	Food Products
SSWL	NSE:SSWL	Auto Components
STALLION	NSE:STALLION	Chemicals & Petrochemicals
STANLEY	NSE:STANLEY	Consumer Durables
STAR	NSE:STAR	Pharmaceuticals & Biotechnology
STARCEMENT	NSE:STARCEMENT	Cement & Cement Products
STARHEALTH	NSE:STARHEALTH	Insurance
STARPAPER	NSE:STARPAPER	Paper, Forest & Jute Products
STARTECK	NSE:STARTECK	Finance
STCINDIA	NSE:STCINDIA	Commercial Services & Supplies
STEELCAS	NSE:STEELCAS	Industrial Products
STEELCITY	NSE:STEELCITY	Capital Markets
STEELXIND	NSE:STEELXIND	Industrial Products
STEL	NSE:STEL	Finance
STERTOOLS	NSE:STERTOOLS	Auto Components
STLNETWORK	NSE:STLNETWORK	Telecom - Services
STLTECH	NSE:STLTECH	Telecom - Equipment & Accessories
STOVEKRAFT	NSE:STOVEKRAFT	Consumer Durables
STRIDERS	NSE:STRIDERS	Consumer Durables
STUDDS	NSE:STUDDS	Auto Components
STUDIOLSD	NSE:STUDIOLSD	Entertainment
STYL	NSE:STYL	Financial Technology (Fintech)
STYLAMIND	NSE:STYLAMIND	Consumer Durables
STYLEBAAZA	NSE:STYLEBAAZA	Retailing
STYRENIX	NSE:STYRENIX	Chemicals & Petrochemicals
SUBAHOTELS	NSE:SUBAHOTELS	Leisure Services
SUBEXLTD	NSE:SUBEXLTD	IT - Software
SUBROS	NSE:SUBROS	Industrial Products
SUDARCOLOR	NSE:SUDARCOLOR	Chemicals & Petrochemicals
SUDARSCHEM	NSE:SUDARSCHEM	Chemicals & Petrochemicals
SUDEEPPHRM	NSE:SUDEEPPHRM	Pharmaceuticals & Biotechnology
SUKHJITS	NSE:SUKHJITS	Agricultural Food & other Products
SULA	NSE:SULA	Beverages
SUMEETINDS	NSE:SUMEETINDS	Textiles & Apparels
SUMICHEM	NSE:SUMICHEM	Fertilizers & Agrochemicals
SUMIT	NSE:SUMIT	Realty
SUMMITSEC	NSE:SUMMITSEC	Finance
SUNCLAY	NSE:SUNCLAY	Auto Components
SUNDARAM	NSE:SUNDARAM	Household Products
SUNDARMFIN	NSE:SUNDARMFIN	Finance
SUNDRMBRAK	NSE:SUNDRMBRAK	Auto Components
SUNDRMFAST	NSE:SUNDRMFAST	Auto Components
SUNDROP	NSE:SUNDROP	Agricultural Food & other Products
SUNFLAG	NSE:SUNFLAG	Industrial Products
SUNLITE	NSE:SUNLITE	Industrial Products
SUNPHARMA	NSE:SUNPHARMA	Pharmaceuticals & Biotechnology
SUNREST	NSE:SUNREST	Pharmaceuticals & Biotechnology
SUNTECH	NSE:SUNTECH	Construction
SUNTECK	NSE:SUNTECK	Realty
SUNTV	NSE:SUNTV	Entertainment
SUPERHOUSE	NSE:SUPERHOUSE	Consumer Durables
SUPERSPIN	NSE:SUPERSPIN	Textiles & Apparels
SUPRAJIT	NSE:SUPRAJIT	Auto Components
SUPREME	NSE:SUPREME	Realty
SUPREMEENG	NSE:SUPREMEENG	Industrial Products
SUPREMEIND	NSE:SUPREMEIND	Industrial Products
SUPREMEINF	NSE:SUPREMEINF	Construction
SUPREMEPWR	NSE:SUPREMEPWR	Electrical Equipment
SUPRIYA	NSE:SUPRIYA	Pharmaceuticals & Biotechnology
SURAJEST	NSE:SURAJEST	Realty
SURAJLTD	NSE:SURAJLTD	Industrial Products
SURAKSHA	NSE:SURAKSHA	Healthcare Services
SURANASOL	NSE:SURANASOL	Electrical Equipment
SURANAT&P	NSE:SURANAT&P	Power
SURANI	NSE:SURANI	Industrial Products
SURYALAXMI	NSE:SURYALAXMI	Textiles & Apparels
SURYAROSNI	NSE:SURYAROSNI	Industrial Products
SURYODAY	NSE:SURYODAY	Banks
SUTLEJTEX	NSE:SUTLEJTEX	Textiles & Apparels
SUVEN	NSE:SUVEN	Healthcare Services
SUVIDHAA	NSE:SUVIDHAA	Financial Technology (Fintech)
SUYOG	NSE:SUYOG	Telecom - Services
SUZLON	NSE:SUZLON	Electrical Equipment
SVLL	NSE:SVLL	Transport Services
SVPGLOB	NSE:SVPGLOB	Textiles & Apparels
SWANCORP	NSE:SWANCORP	Chemicals & Petrochemicals
SWANDEF	NSE:SWANDEF	Industrial Manufacturing
SWARAJ	NSE:SWARAJ	Textiles & Apparels
SWARAJENG	NSE:SWARAJENG	Industrial Products
SWASTIK	NSE:SWASTIK	Industrial Products
SWELECTES	NSE:SWELECTES	Electrical Equipment
SWIGGY	NSE:SWIGGY	Retailing
SWSOLAR	NSE:SWSOLAR	Construction
SYLVANPLY	NSE:SYLVANPLY	Consumer Durables
SYMPHONY	NSE:SYMPHONY	Consumer Durables
SYNCOMF	NSE:SYNCOMF	Pharmaceuticals & Biotechnology
SYNGENE	NSE:SYNGENE	Healthcare Services
SYNOPTICS	NSE:SYNOPTICS	IT - Services
SYRMA	NSE:SYRMA	Industrial Manufacturing
SYSTANGO	NSE:SYSTANGO	IT - Software
SYSTMTXC	NSE:SYSTMTXC	Capital Markets
TAC	NSE:TAC	IT - Software
TAINWALCHM	NSE:TAINWALCHM	Industrial Products
TAJGVK	NSE:TAJGVK	Leisure Services
TAKE	NSE:TAKE	Healthcare Services
TALBROAUTO	NSE:TALBROAUTO	Auto Components
TANKUP	NSE:TANKUP	Industrial Products
TANLA	NSE:TANLA	IT - Software
TAPIFRUIT	NSE:TAPIFRUIT	Food Products
TARACHAND	NSE:TARACHAND	Commercial Services & Supplies
TARAPUR	NSE:TARAPUR	Electrical Equipment
TARC	NSE:TARC	Realty
TARIL	NSE:TARIL	Electrical Equipment
TARMAT	NSE:TARMAT	Construction
TARSONS	NSE:TARSONS	Healthcare Equipment & Supplies
TASTYBITE	NSE:TASTYBITE	Food Products
TATACAP	NSE:TATACAP	Finance
TATACHEM	NSE:TATACHEM	Chemicals & Petrochemicals
TATACOMM	NSE:TATACOMM	Telecom - Services
TATACONSUM	NSE:TATACONSUM	Agricultural Food & other Products
TATAELXSI	NSE:TATAELXSI	IT - Software
TATAINVEST	NSE:TATAINVEST	Finance
TATAPOWER	NSE:TATAPOWER	Power
TATASTEEL	NSE:TATASTEEL	Ferrous Metals
TATATECH	NSE:TATATECH	IT - Services
TATVA	NSE:TATVA	Chemicals & Petrochemicals
TAURIAN	NSE:TAURIAN	Industrial Manufacturing
TBI	NSE:TBI	Agricultural Food & other Products
TBOTEK	NSE:TBOTEK	Leisure Services
TBZ	NSE:TBZ	Consumer Durables
TCC	NSE:TCC	Retailing
TCI	NSE:TCI	Transport Services
TCIEXP	NSE:TCIEXP	Transport Services
TCIFINANCE	NSE:TCIFINANCE	Finance
TCL	NSE:TCL	Auto Components
TCPLPACK	NSE:TCPLPACK	Industrial Products
TCS	NSE:TCS	IT - Software
TDPOWERSYS	NSE:TDPOWERSYS	Electrical Equipment
TEAMGTY	NSE:TEAMGTY	Finance
TEAMLEASE	NSE:TEAMLEASE	Commercial Services & Supplies
TECHD	NSE:TECHD	IT - Services
TECHERA	NSE:TECHERA	Aerospace & Defense
TECHLABS	NSE:TECHLABS	IT - Software
TECHM	NSE:TECHM	IT - Software
TECHNOE	NSE:TECHNOE	Construction
TECILCHEM	NSE:TECILCHEM	Chemicals & Petrochemicals
TEGA	NSE:TEGA	Industrial Manufacturing
TEJASCARGO	NSE:TEJASCARGO	Transport Services
TEJASNET	NSE:TEJASNET	Telecom - Equipment & Accessories
TEMBO	NSE:TEMBO	Industrial Products
TENNIND	NSE:TENNIND	Auto Components
TERASOFT	NSE:TERASOFT	IT - Services
TEXINFRA	NSE:TEXINFRA	Commercial Services & Supplies
TEXMOPIPES	NSE:TEXMOPIPES	Industrial Products
TEXRAIL	NSE:TEXRAIL	Industrial Manufacturing
TFCILTD	NSE:TFCILTD	Finance
TFL	NSE:TFL	Finance
TGBHOTELS	NSE:TGBHOTELS	Leisure Services
TGL	NSE:TGL	Construction
THANGAMAYL	NSE:THANGAMAYL	Consumer Durables
THEINVEST	NSE:THEINVEST	Finance
THEJO	NSE:THEJO	Industrial Manufacturing
THELEELA	NSE:THELEELA	Leisure Services
THEMISMED	NSE:THEMISMED	Pharmaceuticals & Biotechnology
THERMAX	NSE:THERMAX	Electrical Equipment
THESL	NSE:THESL	Other Consumer Services
THOMASCOOK	NSE:THOMASCOOK	Leisure Services
THOMASCOTT	NSE:THOMASCOTT	Textiles & Apparels
THYROCARE	NSE:THYROCARE	Healthcare Services
TI	NSE:TI	Beverages
TICL	NSE:TICL	Construction
TIGERLOGS	NSE:TIGERLOGS	Transport Services
TIIL	NSE:TIIL	Industrial Products
TIINDIA	NSE:TIINDIA	Auto Components
TIJARIA	NSE:TIJARIA	Industrial Products
TIL	NSE:TIL	Agricultural, Commercial & Construction Vehicles
TIMESCAN	NSE:TIMESCAN	Transport Services
TIMETECHNO	NSE:TIMETECHNO	Industrial Products
TIMKEN	NSE:TIMKEN	Industrial Products
TINNARUBR	NSE:TINNARUBR	Industrial Products
TIPSFILMS	NSE:TIPSFILMS	Entertainment
TIPSMUSIC	NSE:TIPSMUSIC	Entertainment
TIRUMALCHM	NSE:TIRUMALCHM	Chemicals & Petrochemicals
TIRUPATI	NSE:TIRUPATI	Industrial Products
TIRUPATIFL	NSE:TIRUPATIFL	Industrial Products
TITAGARH	NSE:TITAGARH	Industrial Manufacturing
TITAN	NSE:TITAN	Consumer Durables
TMB	NSE:TMB	Banks
TMCV	NSE:TMCV	Agricultural, Commercial & Construction Vehicles
TMPV	NSE:TMPV	Automobiles
TNPETRO	NSE:TNPETRO	Chemicals & Petrochemicals
TNPL	NSE:TNPL	Paper, Forest & Jute Products
TNTELE	NSE:TNTELE	Telecom - Equipment & Accessories
TOKYOPLAST	NSE:TOKYOPLAST	Consumer Durables
TOLINS	NSE:TOLINS	Auto Components
TORNTPHARM	NSE:TORNTPHARM	Pharmaceuticals & Biotechnology
TORNTPOWER	NSE:TORNTPOWER	Power
TOTAL	NSE:TOTAL	Transport Services
TOUCHWOOD	NSE:TOUCHWOOD	Other Consumer Services
TPHQ	NSE:TPHQ	Construction
TPLPLASTEH	NSE:TPLPLASTEH	Industrial Products
TRACXN	NSE:TRACXN	Commercial Services & Supplies
TRANSRAILL	NSE:TRANSRAILL	Electrical Equipment
TRANSTEEL	NSE:TRANSTEEL	Consumer Durables
TRANSWIND	NSE:TRANSWIND	Commercial Services & Supplies
TRANSWORLD	NSE:TRANSWORLD	Transport Services
TRAVELFOOD	NSE:TRAVELFOOD	Leisure Services
TREEHOUSE	NSE:TREEHOUSE	Other Consumer Services
TREJHARA	NSE:TREJHARA	IT - Software
TREL	NSE:TREL	Transport Services
TRENT	NSE:TRENT	Retailing
TRF	NSE:TRF	Industrial Manufacturing
TRIDENT	NSE:TRIDENT	Textiles & Apparels
TRIDHYA	NSE:TRIDHYA	Commercial Services & Supplies
TRIGYN	NSE:TRIGYN	IT - Software
TRITURBINE	NSE:TRITURBINE	Electrical Equipment
TRIVENI	NSE:TRIVENI	Agricultural Food & other Products
TROM	NSE:TROM	Electrical Equipment
TRU	NSE:TRU	Finance
TRUALT	NSE:TRUALT	Agricultural Food & other Products
TRUST	NSE:TRUST	IT - Software
TSC	NSE:TSC	Leisure Services
TSFINV	NSE:TSFINV	Finance
TTKHLTCARE	NSE:TTKHLTCARE	Diversified
TTKPRESTIG	NSE:TTKPRESTIG	Consumer Durables
TTL	NSE:TTL	Textiles & Apparels
TTML	NSE:TTML	Telecom - Services
TUNWAL	NSE:TUNWAL	Automobiles
TVSELECT	NSE:TVSELECT	IT - Hardware
TVSHLTD	NSE:TVSHLTD	Finance
TVSINVIT	NSE:TVSINVIT	Commercial Services & Supplies
TVSMOTOR	NSE:TVSMOTOR	Automobiles
TVSSCS	NSE:TVSSCS	Transport Services
TVSSRICHAK	NSE:TVSSRICHAK	Auto Components
TVTODAY	NSE:TVTODAY	Entertainment
TVVISION	NSE:TVVISION	Entertainment
UBL	NSE:UBL	Beverages
UCAL	NSE:UCAL	Auto Components
UCL	NSE:UCL	Chemicals & Petrochemicals
UCOBANK	NSE:UCOBANK	Banks
UDS	NSE:UDS	Commercial Services & Supplies
UEL	NSE:UEL	Power
UFBL	NSE:UFBL	Leisure Services
UFLEX	NSE:UFLEX	Industrial Products
UFO	NSE:UFO	Entertainment
UGARSUGAR	NSE:UGARSUGAR	Agricultural Food & other Products
UGROCAP	NSE:UGROCAP	Finance
UHTL	NSE:UHTL	Industrial Products
UJJIVANSFB	NSE:UJJIVANSFB	Banks
ULTRACEMCO	NSE:ULTRACEMCO	Cement & Cement Products
UMA	NSE:UMA	Industrial Products
UMAEXPORTS	NSE:UMAEXPORTS	Commercial Services & Supplies
UMESLTD	NSE:UMESLTD	Other Consumer Services
UMIYA-MRO	NSE:UMIYA-MRO	Telecom - Equipment & Accessories
UNICHEMLAB	NSE:UNICHEMLAB	Pharmaceuticals & Biotechnology
UNIDT	NSE:UNIDT	Industrial Manufacturing
UNIECOM	NSE:UNIECOM	IT - Software
UNIENTER	NSE:UNIENTER	Chemicals & Petrochemicals
UNIHEALTH	NSE:UNIHEALTH	Healthcare Services
UNIINFO	NSE:UNIINFO	Telecom - Services
UNILEX	NSE:UNILEX	Chemicals & Petrochemicals
UNIMECH	NSE:UNIMECH	Aerospace & Defense
UNIONBANK	NSE:UNIONBANK	Banks
UNIPARTS	NSE:UNIPARTS	Auto Components
UNITDSPR	NSE:UNITDSPR	Beverages
UNITECH	NSE:UNITECH	Realty
UNITEDPOLY	NSE:UNITEDPOLY	Textiles & Apparels
UNITEDTEA	NSE:UNITEDTEA	Agricultural Food & other Products
UNIVAFOODS	NSE:UNIVAFOODS	Leisure Services
UNIVASTU	NSE:UNIVASTU	Construction
UNIVCABLES	NSE:UNIVCABLES	Industrial Products
UNIVPHOTO	NSE:UNIVPHOTO	Consumer Durables
UNOMINDA	NSE:UNOMINDA	Auto Components
UPL	NSE:UPL	Fertilizers & Agrochemicals
URAVIDEF	NSE:URAVIDEF	Auto Components
URBAN	NSE:URBAN	Other Utilities
URBANCO	NSE:URBANCO	Retailing
URJA	NSE:URJA	Electrical Equipment
USASEEDS	NSE:USASEEDS	Agricultural Food & other Products
USHAFIN	NSE:USHAFIN	Finance
USHAMART	NSE:USHAMART	Industrial Products
USK	NSE:USK	Construction
UTIAMC	NSE:UTIAMC	Capital Markets
UTKARSHBNK	NSE:UTKARSHBNK	Banks
UTLSOLAR	NSE:UTLSOLAR	Electrical Equipment
UTSSAV	NSE:UTSSAV	Consumer Durables
UTTAMSUGAR	NSE:UTTAMSUGAR	Agricultural Food & other Products
UWCSL	NSE:UWCSL	Auto Components
UYFINCORP	NSE:UYFINCORP	Finance
V2RETAIL	NSE:V2RETAIL	Retailing
VADILALIND	NSE:VADILALIND	Food Products
VAIBHAVGBL	NSE:VAIBHAVGBL	Consumer Durables
VAISHALI	NSE:VAISHALI	Pharmaceuticals & Biotechnology
VAKRANGEE	NSE:VAKRANGEE	IT - Services
VALIANTLAB	NSE:VALIANTLAB	Pharmaceuticals & Biotechnology
VALIANTORG	NSE:VALIANTORG	Chemicals & Petrochemicals
VARDHACRLC	NSE:VARDHACRLC	Textiles & Apparels
VARDMNPOLY	NSE:VARDMNPOLY	Textiles & Apparels
VARROC	NSE:VARROC	Auto Components
VASA	NSE:VASA	Household Products
VASCONEQ	NSE:VASCONEQ	Realty
VASWANI	NSE:VASWANI	Ferrous Metals
VBL	NSE:VBL	Beverages
VCL	NSE:VCL	Textiles & Apparels
VDEAL	NSE:VDEAL	Electrical Equipment
VEDL	NSE:VEDL	Diversified Metals
VEEDOL	NSE:VEEDOL	Petroleum Products
VEEKAYEM	NSE:VEEKAYEM	Textiles & Apparels
VELS	NSE:VELS	Entertainment
VENKEYS	NSE:VENKEYS	Food Products
VENTIVE	NSE:VENTIVE	Leisure Services
VENUSPIPES	NSE:VENUSPIPES	Industrial Products
VENUSREM	NSE:VENUSREM	Pharmaceuticals & Biotechnology
VERA	NSE:VERA	Textiles & Apparels
VERANDA	NSE:VERANDA	Other Consumer Services
VERITAAS	NSE:VERITAAS	Media
VERTEXPLUS	NSE:VERTEXPLUS	IT - Services
VERTIS	NSE:VERTIS	Transport Infrastructure
VERTOZ	NSE:VERTOZ	Media
VESUVIUS	NSE:VESUVIUS	Industrial Products
VETO	NSE:VETO	Consumer Durables
VGINFOTECH	NSE:VGINFOTECH	IT - Software
VGL	NSE:VGL	Textiles & Apparels
VGUARD	NSE:VGUARD	Consumer Durables
VHL	NSE:VHL	Finance
VHLTD	NSE:VHLTD	Leisure Services
VIAZ	NSE:VIAZ	Auto Components
VICTORYEV	NSE:VICTORYEV	Automobiles
VIDHIING	NSE:VIDHIING	Chemicals & Petrochemicals
VIDYAWIRES	NSE:VIDYAWIRES	Industrial Products
VIESL	NSE:VIESL	Commercial Services & Supplies
VIGOR	NSE:VIGOR	Industrial Products
VIJAYA	NSE:VIJAYA	Healthcare Services
VIJAYPD	NSE:VIJAYPD	Electrical Equipment
VIJIFIN	NSE:VIJIFIN	Finance
VIKASECO	NSE:VIKASECO	Chemicals & Petrochemicals
VIKASLIFE	NSE:VIKASLIFE	Commercial Services & Supplies
VIKASPROP	NSE:VIKASPROP	Agricultural Food & other Products
VIKASWSP	NSE:VIKASWSP	Agricultural Food & other Products
VIKRAMSOLR	NSE:VIKRAMSOLR	Electrical Equipment
VIKRAN	NSE:VIKRAN	Construction
VILAS	NSE:VILAS	Industrial Products
VILINBIO	NSE:VILINBIO	Pharmaceuticals & Biotechnology
VIMTALABS	NSE:VIMTALABS	Healthcare Services
VINATIORGA	NSE:VINATIORGA	Chemicals & Petrochemicals
VINCOFE	NSE:VINCOFE	Commercial Services & Supplies
VINDHYATEL	NSE:VINDHYATEL	Telecom - Services
VINEETLAB	NSE:VINEETLAB	Pharmaceuticals & Biotechnology
VINNY	NSE:VINNY	Textiles & Apparels
VINSYS	NSE:VINSYS	Other Consumer Services
VINYAS	NSE:VINYAS	Industrial Manufacturing
VINYLINDIA	NSE:VINYLINDIA	Chemicals & Petrochemicals
VIPCLOTHNG	NSE:VIPCLOTHNG	Textiles & Apparels
VIPIND	NSE:VIPIND	Consumer Durables
VIPULLTD	NSE:VIPULLTD	Realty
VIRINCHI	NSE:VIRINCHI	IT - Software
VISAKAIND	NSE:VISAKAIND	Cement & Cement Products
VISAMAN	NSE:VISAMAN	Industrial Products
VISASTEEL	NSE:VISASTEEL	Ferrous Metals
VISHAL	NSE:VISHAL	Textiles & Apparels
VISHNU	NSE:VISHNU	Chemicals & Petrochemicals
VISHNUINFR	NSE:VISHNUINFR	Other Construction Materials
VISHWARAJ	NSE:VISHWARAJ	Agricultural Food & other Products
VISHWAS	NSE:VISHWAS	Agricultural Food & other Products
VITAL	NSE:VITAL	Chemicals & Petrochemicals
VIVIANA	NSE:VIVIANA	Construction
VIVIDEL	NSE:VIVIDEL	Electrical Equipment
VIVIDHA	NSE:VIVIDHA	Textiles & Apparels
VIVIMEDLAB	NSE:VIVIMEDLAB	Pharmaceuticals & Biotechnology
VIVO	NSE:VIVO	Telecom - Services
VIYASH	NSE:VIYASH	Pharmaceuticals & Biotechnology
VLEGOV	NSE:VLEGOV	IT - Services
VLINFRA	NSE:VLINFRA	Construction
VLSFINANCE	NSE:VLSFINANCE	Finance
VMARCIND	NSE:VMARCIND	Industrial Products
VMART	NSE:VMART	Retailing
VMM	NSE:VMM	Retailing
VMSTMT	NSE:VMSTMT	Industrial Products
VOLERCAR	NSE:VOLERCAR	Transport Services
VOLTAMP	NSE:VOLTAMP	Electrical Equipment
VOLTAS	NSE:VOLTAS	Consumer Durables
VPRPL	NSE:VPRPL	Construction
VR	NSE:VR	Realty
VRAJ	NSE:VRAJ	Ferrous Metals
VRLLOG	NSE:VRLLOG	Transport Services
VSCL	NSE:VSCL	Chemicals & Petrochemicals
VSSL	NSE:VSSL	Industrial Products
VSTIND	NSE:VSTIND	Cigarettes & Tobacco Products
VSTL	NSE:VSTL	Industrial Products
VSTTILLERS	NSE:VSTTILLERS	Agricultural, Commercial & Construction Vehicles
VTL	NSE:VTL	Textiles & Apparels
WAAREEENER	NSE:WAAREEENER	Electrical Equipment
WAAREEINDO	NSE:WAAREEINDO	Electrical Equipment
WAAREERTL	NSE:WAAREERTL	Electrical Equipment
WABAG	NSE:WABAG	Other Utilities
WAKEFIT	NSE:WAKEFIT	Consumer Durables
WALCHANNAG	NSE:WALCHANNAG	Industrial Manufacturing
WALPAR	NSE:WALPAR	Pharmaceuticals & Biotechnology
WANBURY	NSE:WANBURY	Pharmaceuticals & Biotechnology
WATERBASE	NSE:WATERBASE	Food Products
WCIL	NSE:WCIL	Transport Services
WEALTH	NSE:WEALTH	Finance
WEBELSOLAR	NSE:WEBELSOLAR	Electrical Equipment
WEIZMANIND	NSE:WEIZMANIND	Textiles & Apparels
WEL	NSE:WEL	Consumer Durables
WELCORP	NSE:WELCORP	Industrial Products
WELENT	NSE:WELENT	Construction
WELINV	NSE:WELINV	Finance
WELSPUNLIV	NSE:WELSPUNLIV	Textiles & Apparels
WENDT	NSE:WENDT	Industrial Products
WESTLIFE	NSE:WESTLIFE	Leisure Services
WEWIN	NSE:WEWIN	Commercial Services & Supplies
WEWORK	NSE:WEWORK	Commercial Services & Supplies
WHEELS	NSE:WHEELS	Auto Components
WHIRLPOOL	NSE:WHIRLPOOL	Consumer Durables
WHITEFORCE	NSE:WHITEFORCE	Commercial Services & Supplies
WILLAMAGOR	NSE:WILLAMAGOR	Finance
WINDLAS	NSE:WINDLAS	Pharmaceuticals & Biotechnology
WINDMACHIN	NSE:WINDMACHIN	Industrial Manufacturing
WINNY	NSE:WINNY	Leisure Services
WINSOL	NSE:WINSOL	Construction
WINSOME	NSE:WINSOME	Textiles & Apparels
WIPL	NSE:WIPL	Consumer Durables
WIPRO	NSE:WIPRO	IT - Software
WOCKPHARMA	NSE:WOCKPHARMA	Pharmaceuticals & Biotechnology
WOL3D	NSE:WOL3D	Industrial Products
WOMANCART	NSE:WOMANCART	Retailing
WONDERLA	NSE:WONDERLA	Leisure Services
WORTHPERI	NSE:WORTHPERI	Industrial Products
WSI	NSE:WSI	Construction
WSTCSTPAPR	NSE:WSTCSTPAPR	Paper, Forest & Jute Products
WTICAB	NSE:WTICAB	Transport Services
XCHANGING	NSE:XCHANGING	IT - Software
XELPMOC	NSE:XELPMOC	IT - Software
XPROINDIA	NSE:XPROINDIA	Industrial Products
XTGLOBAL	NSE:XTGLOBAL	IT - Software
YAAP	NSE:YAAP	Media
YASHO	NSE:YASHO	Chemicals & Petrochemicals
YASHOPTICS	NSE:YASHOPTICS	Consumer Durables
YATHARTH	NSE:YATHARTH	Healthcare Services
YATRA	NSE:YATRA	Leisure Services
YCCL	NSE:YCCL	Chemicals & Petrochemicals
YESBANK	NSE:YESBANK	Banks
YUDIZ	NSE:YUDIZ	IT - Software
YUKEN	NSE:YUKEN	Industrial Products
ZAGGLE	NSE:ZAGGLE	IT - Services
ZEAL	NSE:ZEAL	Transport Services
ZEEL	NSE:ZEEL	Entertainment
ZEELEARN	NSE:ZEELEARN	Other Consumer Services
ZEEMEDIA	NSE:ZEEMEDIA	Entertainment
ZENITHDRUG	NSE:ZENITHDRUG	Pharmaceuticals & Biotechnology
ZENITHEXPO	NSE:ZENITHEXPO	Consumer Durables
ZENITHSTL	NSE:ZENITHSTL	Industrial Products
ZENSARTECH	NSE:ZENSARTECH	IT - Software
ZENTEC	NSE:ZENTEC	Aerospace & Defense
ZFCVINDIA	NSE:ZFCVINDIA	Auto Components
ZIMLAB	NSE:ZIMLAB	Pharmaceuticals & Biotechnology
ZODIAC	NSE:ZODIAC	Construction
ZODIACLOTH	NSE:ZODIACLOTH	Textiles & Apparels
ZOTA	NSE:ZOTA	Pharmaceuticals & Biotechnology
ZTECH	NSE:ZTECH	Other Utilities
ZUARI	NSE:ZUARI	Fertilizers & Agrochemicals
ZUARIIND	NSE:ZUARIIND	Agricultural Food & other Products
ZYDUSLIFE	NSE:ZYDUSLIFE	Pharmaceuticals & Biotechnology
ZYDUSWELL	NSE:ZYDUSWELL	Food Products
